STN Code,Monitoring Location,Type Water Body,State Name,Temperature (°C),,Dissolved Oxygen (mg/L),,pH,,Conductivity (µmho/cm),,BOD (mg/L),,NitrateN (mg/L),,Fecal Coliform (MPN/100ml),,Total Coliform (MPN/100ml),,Fecal Streptococci (MPN/100ml),,,Year
,,,,Min,Max,Min,Max,Min,Max,Min,Max,Min,Max,Min,Max,Min,Max,Min,Max,Min,Max,,
4385,"SEA WATER, BAY OF BENGAL, KOTHAPATNAM BEACH",BEACH,ANDHRA PRADESH,22,25,5.9,6.6,7.2,8.2,39200,53600,2.4,2.9,0.3,1.1,3,14,28,150,2,3,,2023
4378,"SEA WATER, BAY OF BENGAL, MANGINAPUDI BEACH, MACHILIPATNAM (V & M)",BEACH,ANDHRA PRADESH,25,27,5.8,6.6,7.3,7.9,39900,53300,2.4,2.8,0.7,1.3,3,14,23,150,2,3,,2023
5671,Mypadu Beach Mypadu Village Indukurupet Mandal,BEACH,ANDHRA PRADESH,18,23,5.7,6.4,7.6,8.1,46200,53200,2.6,2.8,0.9,1.3,4,11,23,93,2,2,,2023
5679,"Pakala Beach Pakala (V), Singarayakonda (M)",BEACH,ANDHRA PRADESH,22,25,5.8,6.6,7.3,8.1,41000,57200,2.2,2.9,0.9,1.2,7,14,39,93,2,2,,2023
5680,"Perupalem Beach, Perupalem (V), Mogalturu (M)",BEACH,ANDHRA PRADESH,25,28,5.2,7.8,7.4,8,22400,51400,1.1,2.6,0.5,1.2,3,9,43,120,,,,2023
4357,"RUSHIKONDA BEACH,VISAKHAPATNAM",BEACH,ANDHRA PRADESH,25,33,5.4,6.4,6.6,8.2,40600,53000,1.4,2.8,0.3,0.7,3,7,64,120,,,,2023
5686,"Suryalanka Beach, Bapatla, Bapatla District",BEACH,ANDHRA PRADESH,22,26,6,6.6,7.3,7.9,47100,53500,2.4,2.8,0.9,1.3,4,14,28,93,2,2,,2023
4361,"SEA WATER BAY BENGAL, UPPADA BEACH ROAD, KAKINADA",BEACH,ANDHRA PRADESH,25,27,6,7.3,7.2,7.9,34700,52000,2.2,2.8,0.5,1.6,3,14,28,150,,,,2023
4386,"SEA WATER, BAY OF BENGAL, VODAREVU BEACH, CHIRALA",BEACH,ANDHRA PRADESH,23,26,6.1,6.8,7.2,8.1,40700,53700,2.4,2.9,0.9,1.4,3,14,39,150,2,3,,2023
5678,SARDAR VALLABHAI PATEL BRIDGE  NAVEL DOCKYARD,CREEK,ANDHRA PRADESH,24,31,1,5.8,6.2,7.4,17000,48800,1.8,5.6,0.5,3.7,3,21,43,1100,,,,2023
4349,"SEA WATER, BAY OF BENGAL, AFTER CONFLUENCE OF MARINE OUTFALL OF M/S.AUROBINDO PHARMA LTD. PYDIBHEEMAVARAM (V), RANASTHALAM (M)",MARINE,ANDHRA PRADESH,24,32,5,7.3,7,8,32800,53100,1.1,3.6,0.3,0.9,2,15,43,210,,,,2023
4352,"SEA WAER BAY OF BENGAL, AFTER CONFLUENCE OF MARINE OUTFALL OF M/S MATRIX LABORATORIES LTD THAMMAYYAPALEM (V)
PUSAPATIREGA (M)",MARINE,ANDHRA PRADESH,23,29,4.9,6.3,7.2,8.1,37500,52900,1.2,2.7,0.4,2,3,11,43,210,,,,2023
4362,"SEA WATER, BAY OF BENGAL NEAR DEEP WATER PORT, KAKINADA (1KM AWAY FROM
JETTY)",MARINE,ANDHRA PRADESH,25,28,3.1,6.9,6.9,7.8,796,48600,2.2,4.8,0.5,3.6,3,14,64,460,,,,2023
4363,"SEA WATER BAY OF BENGAL NEAR KUMBHABHISHEKAM
TEMPALE, KAKINADA",MARINE,ANDHRA PRADESH,25,27,3.5,7,6.9,7.9,1037,50800,2.2,5.4,0.7,5.1,3,15,43,240,,,,2023
4371,"SEA WATER, BAY OF BENGAL AFTER CONFLUENCE OF RIVER VASHISTA GODAVARI AT CHINNAMAINAVANILANKA
(V), NARSAPUR (M)",MARINE,ANDHRA PRADESH,22,34,5.3,7.7,7.3,8,8600,51400,1.5,2.8,0.3,1.6,4,11,75,240,,,,2023
4383,"SEA WATER BAY OF BENGAL, FISHING HARBOUR,
NIZAMPATNAM (V & M)",MARINE,ANDHRA PRADESH,22,26,5.9,6.7,7.4,8.1,41000,53400,2.5,2.9,0.9,1.3,3,11,23,250,2,3,,2023
4387,"SEA WATER, BAY OF BENGAL, KRISHNAPATNAM PORT",MARINE,ANDHRA PRADESH,18,21,5.8,6.8,7.5,8.1,29600,52100,2.4,2.9,0.9,1.2,4,14,39,240,2,3,,2023
5673,"Dondawaka, Payakaraopeta, Triupati",SEA,ANDHRA PRADESH,26,32,4.3,7.6,6.4,8.2,34400,52600,1.1,2.7,0.3,0.9,3,7,43,120,,,,2023
5674,"Rajanagaram Nakkapalli,Anakapalli",SEA,ANDHRA PRADESH,26,32,5,6.8,7,8.1,10860,52900,1.2,2.9,0.5,8.5,3,7,39,93,,,,2023
5675,"Pudimadaka, Atchutapuram,",SEA,ANDHRA PRADESH,25,29,5.4,6.5,7.4,8,38700,52400,1.4,2.8,0.3,1.2,3,7,64,120,,,,2023
5676,"Tikkavani Palem, Parawada",SEA,ANDHRA PRADESH,23,30,5.4,6.2,7.2,7.9,38800,52500,1.3,2.8,0.4,1.5,3,7,43,150,,,,2023
5677,"Annavaram, Bheemunipatnam",SEA,ANDHRA PRADESH,27,32,5.4,6.2,7.4,8.1,40400,53000,1.3,2.9,0.3,1.4,3,4,64,75,,,,2023
5681,"Bay Of Bengal (Near Shivalayam) Addaripeta (V), Thondangi (M), Kakinada
District",SEA,ANDHRA PRADESH,24,28,6,7.6,6.7,7.8,39500,52300,1.8,2.4,0.3,0.8,3,4,43,93,,,,2023
5682,"Kakinada Fishing Harbour, Kakinada, 'Kakinada District",SEA,ANDHRA PRADESH,25,27,6,7.4,7.2,7.7,25500,51700,1.8,2.2,0.6,1.4,4,11,75,460,,,,2023
5683,"Confluence Point Of Gautami Godavari With Bay Of Bengal At Bhairavapalem Village, Thallrevu Mandal, Kakinada
Dish Ic!",SEA,ANDHRA PRADESH,25,26,6.2,7.4,7.4,7.8,334,48700,1.8,2.4,0.6,4.7,4,9,64,150,2,2,,2023
5684,"Tulyabhaga-Sangarasangam River At Coring Wildlife Sanctuary, Koringa (V), Thallarevu (M), Kakinada
District",SEA,ANDHRA PRADESH,26,28,6.4,7.3,7.2,8.1,1492,41600,1.8,2.4,1,2.4,3,9,75,150,,,,2023
5685,"Bay Of Bengal Al Odalarevu (V), Allavaram (M), Or. B. R.
Ambedkar Konaseema District",SEA,ANDHRA PRADESH,25,28,6.3,7.4,7.5,8.1,23100,51700,1.8,2.2,0.4,2.5,2,4,43,75,,,,2023
5651,Agonda Beach,BEACH,GOA,28,31,4.3,6.8,7.8,8.5,48590,60770,1,2.6,0.3,0.8,23,220,49,280,6,170,,2023
5644,Arambol Beach,BEACH,GOA,28,30,5.2,6.7,7.8,8.4,36860,62290,1,1.8,0.3,0.4,23,350,33,920,14,280,,2023
5645,Baga Beach,BEACH,GOA,27,30,5.9,6.7,7,8.3,35800,59760,1,1.8,0.3,0.3,13,350,110,540,8,140,,2023
5646,Bambolim Beach,BEACH,GOA,27,30,6.4,7.1,7.4,8.5,26390,49580,1,2.7,0.3,0.8,13,790,23,1400,12,280,,2023
5649,Benaulim Beach,BEACH,GOA,27,31,5.8,6.6,7.8,8.6,45650,57390,1.2,1.8,0.3,0.3,7,540,49,920,2,280,,2023
5647,Bogmalo Beach,BEACH,GOA,28,31,6.2,7.5,7,8.3,42070,54490,1,1.8,0.3,1.4,33,350,49,540,22,220,,2023
4013,TIRACOL BEACH,BEACH,GOA,27,30,5.6,6.8,7,8.2,29870,61750,1,2.1,0.3,0.3,33,350,46,920,14,130,,2023
4014,MIRAMAR BEACH,BEACH,GOA,26,30,5.6,9.3,7,8.3,26120,53340,1,2,0.3,2,79,280,110,920,14,140,,2023
4015,CALANGUTE BEACH,BEACH,GOA,26,32,5.2,8.3,7,8.3,30200,59470,1,1.9,0.3,0.7,45,350,49,540,5,170,,2023
4016,MORJIM BEACH,BEACH,GOA,27,31,5.5,6.9,7.8,8.3,27870,62680,1,1.9,0.3,0.3,5,700,23,1200,4,220,,2023
4017,MOBOR BEACH,BEACH,GOA,28,32,5,7.4,7.7,8.4,30490,52030,1,2,0.3,0.6,13,240,23,350,11,140,,2023
4018,BAINA BEACH,BEACH,GOA,28,31,6,7.8,7,8.3,29460,63790,1.1,2.4,0.3,1.8,110,350,220,920,79,240,,2023
4019,GALGIBAG BEACH,BEACH,GOA,28,31,5.8,7.3,7.7,8.4,30070,60850,1,2.9,0.3,0.7,11,280,23,540,6,130,,2023
4020,COLVA BEACH,BEACH,GOA,26,32,5.1,6.9,7,8.3,30010,59170,1,1.9,0.3,0.4,33,460,33,1400,17,280,,2023
4021,VAGATOR BEACH,BEACH,GOA,26,32,5.8,7.9,7,8.3,30330,58380,1,1.8,0.3,0.6,44,1300,79,2200,8,240,,2023
4022,VELSAO BEACH,BEACH,GOA,26,31,5.2,7.5,7,8.3,30440,62050,1,2,0.3,3.6,8,1400,23,2200,7,130,,2023
5652,Palolem Beach,BEACH,GOA,28,31,5.1,6.6,7.8,8.7,46950,60310,1,2.5,0.3,1,79,790,130,1400,33,540,,2023
5653,Rajbhag Beach,BEACH,GOA,28,31,6.1,6.8,7.6,8.8,37260,60770,1,2.1,0.3,0.4,17,220,33,280,11,94,,2023
5648,Betalbatim Beach,BEACH,GOA,26,30,5.8,7.2,7.6,8.5,45780,56280,1,2,0.3,0.3,33,240,140,540,17,350,,2023
5650,Varca Beach,BEACH,GOA,27,31,6,7.2,7.8,8.5,45660,55840,1,1.9,0.3,0.3,2,350,23,540,2,170,,2023
5277,"DOWNSTREAM COLVA CREEK, COLVA- GOA",CREEK,GOA,26,31,2.6,7.5,6.7,9.2,244,25740,1.8,3.9,0.3,0.3,110,24000,140,54000,110,2400,,2023
5278,"UPSTREAM OF BETHORA NALLAH, BETHORA, PONDA -
GOA",CREEK,GOA,27,29,3.6,5.9,5.5,6.9,187,13800,1,8.3,0.3,1.1,2300,17000,3300,35000,790,1700,,2023
5279,"DOWNSTREAM OF BETHORA NALLAH, BETHORA, PONDA -
GOA",CREEK,GOA,27,32,0.6,7.5,6.3,7.6,263,20180,1,8.4,0.3,6.6,1700,220000,2200,540000,230,35000,,2023
2267,"CREEK AT DANDO MOLLO, VELSAO, MARMUGAO",CREEK,GOA,27,31,4.3,7.1,6.8,8.4,631,60230,1,1.9,0.3,7.2,110,7900,220,24000,49,5400,,2023
2081,"AMLAKHADI CREEK AT PUNGAM.AT VILLAGE PUNGAM, TA: ANKLESHWAR,
DIST BHARUCH",CREEK,GUJARAT,24,35,0.3,5,7.3,8.4,510,2140,3.1,20,0.3,0.5,110,1600,540,1600,,,,2023
2080,"MASMA KHADI- OLPAD- SARAS ROADORMA, OLPAD SARAS ROAD, FROM
BRIDGE,SURAT",CREEK,GUJARAT,23,31,5.2,7,6.8,8.5,553,2639,1.8,2.9,0.3,1.4,11,920,47,1600,2,63,,2023
3196,"VANDKHADI AT VILLAGE UMARWADA, TA ANKLESHWAR, BHARUCHAT VILLAGE UMARVADA, TA:
ANKLESHWAR, DIST BHARUCH",CREEK,GUJARAT,27,35,0.3,2.7,7,7.7,1172,11870,5,53,0.3,0.7,70,1600,220,1600,,,,2023
5771,"Hejamdi End Point near Blue flog Beach Padubidri, kaup Tq,
Udupi , District",SEA,KARNATAKA,28,28,7.2,7.2,7.7,7.7,,,2,2,,,2,2,2,2,2,2,,2023
5772,"Gujjarbettu, Kemmanu Asare Beach, Udupi Tq,",SEA,KARNATAKA,28,28,7.1,7.1,7.6,7.6,,,,,,,2,2,2,2,2,2,,2023
5773,"Kota Padukere, Brahmavara Tq, Udupi Dist",SEA,KARNATAKA,28,28,7.2,7.2,7.6,7.6,,,,,,,2,2,2,2,2,2,,2023
5774,"Gangoli Harbour Kundapura, Udupi Dist",SEA,KARNATAKA,30,30,7,7,7.9,7.9,,,2,2,,,2,2,2,2,2,2,,2023
5775,"Someshwara Beach Byndoor Tq, Udupi",SEA,KARNATAKA,29,32,4.3,7.2,7.4,7.7,1264,1264,2,18.3,5.5,5.5,2,1840,2,3200,2,1080,,2023
5174,"R. ANCHARAKKANDY AT MOIDUPALAM,DHARMADAM,
KANNUR",BEACH,KERALA,,,4.2,7,6.6,7.8,,,1,4,,,79,520,,,,,,2023
5181,"BEACH AT VARKALA PAPANASAM,
THIRUVANANTHAPURAM",BEACH,KERALA,,,4.7,9.6,7,8.1,,,1.3,5.3,,,600,6100,,,,,,2023
5173,"RIVER PERUVAMBA AT ETTIKULAM, KANNUR",BEACH,KERALA,,,3.8,6,6.9,7.7,,,2,4,,,210,520,,,,,,2023
5194,"KMML CHAVARA, KOLLAM",SEA,KERALA,,,2.9,6.7,7.6,9.5,,,1,1,,,360,700,,,,,,2023
5178,"KAVVAYI BACKWATERS AT KAVVAYI, PAYYANUR",SEA,KERALA,,,3.2,6.5,6.9,7.5,,,1.7,4,,,110,540,,,,,,2023
1317,"THANE CREEK AT ELEPHANTA ISLAND, VILLAGE- ELEPHANTA ISLAND , TALUKA- MUMBAI,
DISTRICT- MUMBAI.",CREEK,MAHARASHTRA,26,31,3.2,6.2,7.4,8.1,23730,54310,7,15.5,1,2.9,22,540,210,920,,,,2023
1316,"BASSEIN CREEK AT VASAI FORT , VILLAGE- BASSEIN, TALUKA- VASAI, DISTRICT-
PALGHAR.",CREEK,MAHARASHTRA,26,32,3,6.2,7.1,8.3,1268,54570,1,18,1.1,3.7,17,920,210,1600,,,,2023
2797,"BHAYANDER CREEK AT D/S OF RAILWAY BRIDGE AT  JASAL PARK CHOUPATHY, VILLAGE- NAVGHAR, TALUKA- THANE,
DISTRICT- THANE.",CREEK,MAHARASHTRA,26,32,3.2,6.2,7,8.2,2469,50870,1,14,1,7.2,23,920,220,1600,,,,2023
2802,"DAHANU CREEK AT DAHANU FORT, VILLAGE- DANUGAON, TALUKA- DAHANU, DISTRICT-
PALGHAR.",CREEK,MAHARASHTRA,26,26,3,5.2,7.5,8.4,28620,55000,9,42,0.3,2,22,540,220,1600,,,,2023
2799,"DANDI CREEK, VILLAGE- DANDI, TALUKA- PALGHAR,
DISTRICT- PALGHAR.",CREEK,MAHARASHTRA,26,27,1.4,5.4,7.3,8.4,3546,54650,9,55,0.8,2.6,2,920,17,1600,,,,2023
2804,"KARAMBAVANE CREEK AT CHIPLUN, VILLAGE- KARAMBAVANE, TALUKA- CHIPLUN, DISTRICT-
RATNAGIRI.",CREEK,MAHARASHTRA,27,33,5.6,7.6,6.9,8,90,39740,1.8,12.1,0.3,3.3,6,24,24,94,2,2,,2023
2798,"KHAREKURAN MURBE CREEK , VILLAGE- KHAREKURAN, TALUKA- PALGHAR, DISTRICT-
PALGHAR.",CREEK,MAHARASHTRA,26,27,2,5.3,7.2,8.4,3668,54670,8,32,0.8,2.9,2,540,2,1600,,,,2023
1318,"MAHIM CREEK AT MAHIM BAY, VILLAGE- MAHIM, TALUKA- MUMBAI, DISTRICT-
MUMBAI.",CREEK,MAHARASHTRA,26,31,2.1,4.9,7.1,8.1,18960,50260,7,28,1,3.5,26,920,220,3500,,,,2023
2803,"PANVEL CREEK AT KOPRA BRIDGE, VILLAGE- KOPRA,TALUKA- PANVEL,
DISTRICT- RAIGAD.",CREEK,MAHARASHTRA,27,33,4,7,7,7.9,97,8417,2.2,14,1.3,3.2,21,130,210,920,2,2,,2023
2800,"SARWALI CREEK, VILLAGE- SARWALI, TALUKA- PALGHAR,
DISTRICT- PALGHAR.",CREEK,MAHARASHTRA,26,26,1.2,6.6,6.9,8.3,594,54610,3.5,18,0.3,4,21,920,170,1600,,,,2023
2801,"SAVTA CREEK, VILLAGE- SAVTA, TALUKA- DAHANU,
DISTRICT- PALGHAR.",CREEK,MAHARASHTRA,26,26,3.9,6.9,7.4,8.4,368,54480,3.5,45,0.3,2.4,8,350,23,920,,,,2023
2793,"THANE CREEK AT KALWA
ROAD BRIDGE, VILLAGE- KALWA,TALUKA- THANE,
DISTRICT- THANE.",CREEK,MAHARASHTRA,20,34,1.4,6.4,7.1,8.3,358,35130,1,55,0.8,4.7,34,350,210,920,,,,2023
2791,"ULHAS CREEK AT RETI BUNDER AT D/S OF KALYAN- BHIWANDI BRIDGE, VILLAGE- KALYAN, TALUKA- KALYAN,
DISTRICT- THANE.",CREEK,MAHARASHTRA,22,30,1,6.8,7,8.3,216,15480,2.5,32,0.6,6.8,23,940,170,2800,,,,2023
2792,"ULHAS CREEK AT MUMBRA RETI BUNDER, VILLAGE- MUMBRA,TALUKA- THANE,
DISTRICT- THANE.",CREEK,MAHARASHTRA,25,30,4,6.8,7.2,8.3,276,29890,1,18,0.8,4.7,23,920,210,1600,,,,2023
2794,"ULHAS CREEK AT KOLSHET RETI BUNDER, VILLAGE- KOLSHET, TALUKA- THANE,
DISTRICT- THANE.",CREEK,MAHARASHTRA,25,30,3.4,6.8,7.2,8.2,316,34620,1,15,0.9,4,33,920,210,1600,,,,2023
2795,"ULHAS CREEK AT GAIMUKH AT NAGLA BUNDER ON GHOD BUNDER ROAD, VILLAGE- NAGLA,TALUKA- THANE,
DISTRICT- THANE.",CREEK,MAHARASHTRA,22,30,3.4,6.3,7.2,8.3,276,45480,1,26,1.1,3.4,22,540,220,1600,,,,2023
2796,"ULHAS CREEK AT VERSOVA BRIDGE, VILLAGE- VERSOVA, TALUKA- VASAI, DISTRICT-
PALGHAR.",CREEK,MAHARASHTRA,26,32,4,6.1,7.3,7.9,706,39890,1,13,1.4,6.3,21,540,170,920,2,2,,2023
2184,"VASHI CREEK AT AIROLI BRIDGE, VILLAGE- AIROLI,TALUKA- THANE,
DISTRICT- THANE.",CREEK,MAHARASHTRA,28,30,4,5.6,7.1,7.8,1297,46940,6,18,0.7,3,22,540,170,920,,,,2023
2185,"VASHI CREEK AT VASHI BRIDGE, VILLAGE- VASHI,TALUKA-
THANE,DISTRICT- THANE.",CREEK,MAHARASHTRA,26,30,4,10,7.2,7.9,3348,47590,6,34,0.3,3.1,17,350,140,920,,,,2023
2165,"SEA WATER AT GATEWAY OF INDIA, VILLAGE- COLABA, TALUKA- COLABA, DISTRICT-
MUMBAI.",SEA,MAHARASHTRA,26,31,3,6.3,7.3,8.2,25890,54450,7,16,1,3.7,79,1600,540,1600,,,,2023
2809,"SEA WATER AT MALABAR HILL, VILLAGE- WALKESHWAR,TALUKA-
MUMBAI,DISTRICT- MUMBAI.",SEA,MAHARASHTRA,26,31,3.8,6.2,7.1,8.2,18960,54770,7,18,0.6,2.5,240,1600,540,1600,,,,2023
2805,"ARNALA SEA, VILLAGE- ARNALA, TALUKA- VASAI,
DISTRICT- PALGHAR.",SEA,MAHARASHTRA,26,32,3,6.2,7.2,8.2,1218,56680,1,16,0.9,3.5,21,920,160,1600,,,,2023
2814,"SEA WATER AT BHAGWATI
BUNDER, RATNAGIRI NEAR ULTRA TECH CEMENT JETTY , VILLAGE- MIRKARWADA, TALUKA- RATNAGIRI,
DISTRICT- RATNAGIRI.",SEA,MAHARASHTRA,25,30,5,6.8,8,8.4,23720,60680,1.8,14.8,0.5,1.8,17,49,84,220,,,,2023
2166,"SEA WATER AT CHARNI ROAD CHOUPATHY, VILLAGE- GIRGAON, TALUKA- MUMBAI,
DISTRICT- MUMBAI.",SEA,MAHARASHTRA,26,31,3.9,6.3,7.1,8.2,23320,55100,6,18,1,2.9,140,1600,540,1600,,,,2023
2813,"SEA WATER AT GANAPATHIPULE, VILLAGE- GANAPATIPULE, TALUKA- RATNAGIRI,  DISTRICT-
RATNAGIRI.",SEA,MAHARASHTRA,25,31,5.4,7.3,7.9,8.3,24040,59810,1.8,14,0.5,2.1,17,58,79,280,,,,2023
2810,"SEA WATER AT HAJI ALI, VILLAGE- WORLI, TALUKA-
WORLI, DISTRICT- MUMBAI.",SEA,MAHARASHTRA,26,31,3.8,6.2,7.2,8.7,19980,54360,7,14,0.3,6.5,350,1600,540,1600,,,,2023
2812,"SEA WATER AT JUHU BEACH, VILLAGE- JUHUGAON, TALUKA- SANTACRUZ,
DISTRICT- MUMBAI.",SEA,MAHARASHTRA,27,30,3.4,5.2,7.6,8.1,21820,55050,8,16,1,1.9,23,920,350,1600,2,2,,2023
2815,"MADVI SEA WATER AT RATNAGIRI NEAR JODHALE MARUTI TEMPLE,  VILLAGE- MADVIGAON, TALUKA- RATNAGIRI, DISTRICT-
RATNAGIRI.",SEA,MAHARASHTRA,25,30,5.2,7.4,7.9,8.2,10080,66630,2,14,0.4,1.6,14,49,11,240,,,,2023
2808,"SEA WATER AT NARIMAN POINT, VILLAGE- COLABA, TALUKA- COLABA, DISTRICT-
MUMBAI.",SEA,MAHARASHTRA,26,31,3.9,6.2,7.3,8.1,24460,54930,7,15.5,0.7,3.1,170,920,540,1600,,,,2023
2807,"NAVAPUR SEA, VILLAGE- NAVAPUR, TALUKA- PALGHAR, DISTRICT-
PALGHAR.",SEA,MAHARASHTRA,26,26,2,5.2,7.6,8.5,3594,61350,8,32,0.5,3.1,2,540,41,1600,,,,2023
2811,"SEA WATER AT SHIVAJI PARK ( DADAR CHOUPATHY), VILLAGE- DADAR, TALUKA-
DADAR,  DISTRICT- MUMBAI.",SEA,MAHARASHTRA,26,31,2.1,6.3,7.1,8.1,18870,54480,6,24,0.9,3.9,110,920,540,1600,,,,2023
2806,"UTTAN SEA AT BHAYANDER, VILLAGE- UTTAN, TALUKA-
THANE, DISTRICT- THANE.",SEA,MAHARASHTRA,25,30,3.2,6.1,7.1,8,5557,55140,1,14,1.1,6,110,920,430,1600,,,,2023
2169,"SEA WATER AT VERSOVA BEACH, VILLAGE- VERSOVA, TALUKA- ANDHERI, DISTRICT-
MUMBAI.",SEA,MAHARASHTRA,27,31,3.2,6.2,7.1,8.2,22610,54438,6,16,1,2,46,1600,210,1600,2,2,,2023
2167,"SEA WATER AT WORLI SEAFACE, VILLAGE- WORLI, TALUKA- WORLI, DISTRICT-
MUMBAI.",SEA,MAHARASHTRA,26,31,3.9,6.3,7.1,8.1,24830,54320,6,20,0.6,3.5,22,920,280,1600,,,,2023
3961,ATHARABANKI CREEK,CREEK,ODISHA,25,33,2.4,3.8,6.7,8.3,1340,48650,2.9,4.4,0.4,3.2,110,2400,790,4900,,,,2023
4937,"BAHUDA CONFLUENCE
(NORTH)",MARINE,ODISHA,,,,,,,,,,,,,,,,,,,,2023
4938,BAHUDA CONFLUENCE,MARINE,ODISHA,28,30,6,7.4,7.3,8.3,,,1,2,,,2,2,,,,,,2023
4939,"BAHUDA CONFLUENCE
(SOUTH)",MARINE,ODISHA,28,30,6.4,7.7,7.5,8.5,,,1,1,,,2,2,,,,,,2023
5015,"BASUDEVPUR, JAGESWARNATH TEMPLE",MARINE,ODISHA,33,35,6.4,6.8,6.9,8.3,,,1,1,,,46,47,,,,,,2023
5024,BUDHABALANGA RIVER CONFLUENCE,MARINE,ODISHA,27,32,7,7.6,7.1,7.9,,,1,1.4,,,2,170,,,,,,2023
4968,CHANDRABHAGA BEACH,MARINE,ODISHA,25,30,6.9,7.1,7.8,8.5,,,1,1,,,2,540,,,,,,2023
4955,CHILIKA MOUTH ON SEA AT MANIKAPATANA,MARINE,ODISHA,26,30,6.8,7.6,7.4,8.3,,,1,3.4,,,130,1600,,,,,,2023
5021,DEULABAD,MARINE,ODISHA,29,32,6.6,7.3,7.2,8,,,1,1.8,,,2,46,,,,,,2023
4972,DEVI RIVER MOUTH (NORTH),MARINE,ODISHA,,,,,,,,,,,,,,,,,,,,2023
4973,DEVI RIVER MOUTH,MARINE,ODISHA,24,30,6.7,7.9,7.9,8.9,,,1,1,,,2,1600,,,,,,2023
4974,DEVI RIVER MOUTH (SOUTH),MARINE,ODISHA,,,,,,,,,,,,,,,,,,,,2023
5009,DHAMRA MUHANA C - 1,MARINE,ODISHA,24,29,6,6.7,7.6,8.2,,,1,1,,,5,1600,,,,,,2023
5010,DHAMRA MUHANA C - 2,MARINE,ODISHA,24,29,5.9,7,7.6,7.9,,,1,1.1,,,2,21,,,,,,2023
5011,"DHAMRA MUHANA C -
NORTH",MARINE,ODISHA,23,29,6.2,6.6,7.4,7.6,,,1,1.2,,,2,23,,,,,,2023
5014,DHAMRA PORT 2,MARINE,ODISHA,23,29,6,6.9,7.3,8.1,,,1,1,,,2,33,,,,,,2023
4956,DHAUDIA RIVER MOUTH (NORTH),MARINE,ODISHA,24,30,6.8,8.2,7.1,7.8,,,1.1,1.6,,,2,1600,,,,,,2023
4957,DHAUDIA RIVER MOUTH,MARINE,ODISHA,25,28,6.1,8.7,7.1,8.2,,,1,1.4,,,2,1600,,,,,,2023
4958,"DHAUDIA RIVER MOUTH
(SOUTH)",MARINE,ODISHA,25,25,6.8,6.9,7.5,8.2,,,1,1.2,,,2,2,,,,,,2023
5001,EKAKULA FOREST RH - 1,MARINE,ODISHA,23,30,6.8,8.5,8.2,8.9,,,1,1.4,,,2,2,,,,,,2023
5008,EKAKULA FOREST RH - 2,MARINE,ODISHA,26,30,6.7,7.4,8,8.9,,,1,1.3,,,2,2,,,,,,2023
4997,GAHIRMATH 2,MARINE,ODISHA,24,30,6.6,7.5,7.9,8.9,,,1,1,,,2,2,,,,,,2023
4999,GAHIRMATHA 3,MARINE,ODISHA,25,29,6.8,7.2,8.4,8.7,,,1,1,,,2,2,,,,,,2023
5006,GAHIRMATHA 4,MARINE,ODISHA,26,29,6.1,7.3,7.2,8.6,,,1,1,,,2,9,,,,,,2023
4998,"GAHIRMATHA, SATABHAYA",MARINE,ODISHA,24,29,7,7.3,8,8.6,,,1,1,,,2,2,,,,,,2023
5005,"GAHIRMATHA, SATABHAYA
SOUTH",MARINE,ODISHA,26,30,6.2,7.6,7.6,8.3,,,1,1,,,2,5,,,,,,2023
4949,"NEAR IRE, GOPALPUR",MARINE,ODISHA,26,30,6.6,7.1,7.8,8.7,,,1,1.1,,,2,2,,,,,,2023
4950,GOPLAPUR PORT,MARINE,ODISHA,25,29,5.9,7.4,7.8,8.7,,,1,1,,,2,33,,,,,,2023
4951,ARYAPALLI,MARINE,ODISHA,26,28,6.4,8.2,7.8,8.6,,,1,1,,,4,1600,,,,,,2023
5023,GUDUPAHI,MARINE,ODISHA,30,30,6.4,6.9,7.2,8.1,,,1,1,,,11,70,,,,,,2023
5000,HABADHIKUTA 2,MARINE,ODISHA,23,30,6.7,7.7,7.5,8.9,,,1,1,,,2,8,,,,,,2023
5007,HABADHIKUTA 3,MARINE,ODISHA,26,30,6.9,8.3,8.1,8.5,,,1,1.9,,,2,23,,,,,,2023
5003,HANSUA MOUTH NORTH 2,MARINE,ODISHA,26,29,6.2,7.4,7.6,8.5,,,1,1.4,,,4,140,,,,,,2023
5004,HANSUA MOUTH NORTH 3,MARINE,ODISHA,25,29,7.3,7.7,8.6,8.9,,,1,1.4,,,2,11,,,,,,2023
4995,HANSUA RIVER MOUTH,MARINE,ODISHA,23,28,6.7,7,7.3,9,,,1,1,,,2,1600,,,,,,2023
4996,"HANSUA RIVER MOUTH
(NORTH)",MARINE,ODISHA,25,29,6.4,7.5,7.4,8.5,,,1,1,,,2,2,,,,,,2023
5019,HARICHANDRAPUR,MARINE,ODISHA,30,30,7.3,7.6,7.2,7.8,,,1,1.2,,,2,220,,,,,,2023
4946,HARIPUR CREEK CONFLUENCE (SOUTH),MARINE,ODISHA,23,29,6,7.1,7.7,8.5,,,1,1.7,,,2,8,,,,,,2023
4947,HARIPUR CREEK CONFLUENCE,MARINE,ODISHA,24,28,6.5,7.4,7.6,8.4,,,1,1,,,2,79,,,,,,2023
4948,HARIPUR CREEK CONFLUENCE (NORTH),MARINE,ODISHA,24,29,6.1,6.9,7.8,8.7,,,1,1,,,2,17,,,,,,2023
5002,JAMBU 2,MARINE,ODISHA,26,29,6.1,6.6,7.2,8.3,,,1,2.2,,,5,7,,,,,,2023
4975,JATADHARI MUHANA (NORTH),MARINE,ODISHA,28,31,6,6.4,8,8.3,,,1,1,,,2,2,,,,,,2023
4976,JATADHARI MUHANA,MARINE,ODISHA,26,31,6.1,7.6,7.6,8.5,,,1,1,,,2,2,,,,,,2023
4977,"JATADHARI MUHANA (SOUTH
- 1)",MARINE,ODISHA,24,30,6.3,6.4,8,8.3,,,1,1,,,2,2,,,,,,2023
4978,"JATADHARI MUHANA (SOUTH
- 2)",MARINE,ODISHA,24,31,6.2,7.4,7.7,8.4,,,1,1,,,2,2,,,,,,2023
4979,JATADHARI MUHANA CS - 3 (2.5 KM FROM SHORE),MARINE,ODISHA,26,31,6,6.5,8,8.4,,,1,1,,,2,2,,,,,,2023
4980,JATADHARI MUHANA CS - 4 (SOUTH 5 KM FROM SHORE),MARINE,ODISHA,24,31,6.4,7.7,7.9,8.4,,,1,1,,,2,2,,,,,,2023
4981,JATADHARI MUHANA CS - 5 (NORTH 5 KM SHORE),MARINE,ODISHA,26,30,6.5,7.4,8,8.3,,,1,1,,,2,2,,,,,,2023
5022,JAYDEV KASAB,MARINE,ODISHA,29,31,6.6,6.8,7.3,8,,,1,1.8,,,2,130,,,,,,2023
4969,KADUA RIVER (NORTH),MARINE,ODISHA,31,31,7.1,7.1,8.2,8.2,,,1.2,1.2,,,2,2,,,,,,2023
4970,KADUA RIVER,MARINE,ODISHA,25,31,6.7,7.2,7.2,7.6,,,1,1,,,2,13,,,,,,2023
4971,KADUA RIVER (SOUTH),MARINE,ODISHA,25,30,6.7,7.8,7.3,8.4,,,1,1.4,,,2,2,,,,,,2023
5012,KANAKPRASAD - 1,MARINE,ODISHA,23,30,5.9,6.6,7.2,7.8,,,1,1,,,2,14,,,,,,2023
5013,KANAKPRASAD - 2,MARINE,ODISHA,24,30,6.5,7.1,7.4,8.2,,,1,1,,,2,5,,,,,,2023
5016,"KANSA BANSA RIVER MOUTH (MAA MATIAMANGALA
TEMPLE)",MARINE,ODISHA,32,35,6.9,7.4,7,8.1,,,1,1.4,,,8,170,,,,,,2023
5017,KHERENGA,MARINE,ODISHA,31,33,6.1,6.5,7,7.8,,,1,1.2,,,2,110,,,,,,2023
4965,KUSHABHADRA RIVER MOUTH (NORTH),MARINE,ODISHA,26,30,6.9,7.1,7.8,8.3,,,1,1.5,,,2,2,,,,,,2023
4966,KUSHABHADRA RIVER MOUTH,MARINE,ODISHA,26,31,6.4,7.8,7.4,8.3,,,1,1.5,,,2,33,,,,,,2023
4967,KUSHABHADRA RIVER MOUTH (SOUTH),MARINE,ODISHA,,,,,,,,,,,,,,,,,,,,2023
4987,MAHANADI MUHANA C - 1,MARINE,ODISHA,29,30,6,6.8,7.6,8.3,,,1,1,,,2,540,,,,,,2023
4988,MAHANADI MUHANA NORTH,MARINE,ODISHA,27,30,5.9,7.2,7,8.4,,,1,1,,,2,33,,,,,,2023
4989,MAHANADI MUHANA UP NORTH (2.5 KM FROM SHORE),MARINE,ODISHA,28,30,5.5,7,7.6,8.3,,,1,1.2,,,2,920,,,,,,2023
5018,MAHARUDRAPUR,MARINE,ODISHA,30,30,6.6,6.9,7.2,7.9,,,1,1.6,,,23,1600,,,,,,2023
4959,MANGALA RIVER MOUTH (NORTH),MARINE,ODISHA,25,31,6,6.8,7.8,8.3,,,1,1.4,,,33,1600,,,,,,2023
4960,MANGALA RIVER MOUTH,MARINE,ODISHA,25,31,6.8,7.4,7.3,8.8,,,1.1,2,,,21,1600,,,,,,2023
4961,"MANGALA RIVER MOUTH
(SOUTH)",MARINE,ODISHA,26,29,7,7.6,7.3,8.3,,,1,2.5,,,2,130,,,,,,2023
4943,MARKANDI BEACH CONFLUENCE (NORTH),MARINE,ODISHA,29,30,6.5,7.7,7.5,8.5,,,1,2.6,,,2,280,,,,,,2023
4944,"MARKANDI BEACH
CONFLUENCE",MARINE,ODISHA,29,32,6.4,7.2,7.9,8.5,,,1,2.6,,,2,350,,,,,,2023
4945,MARKANDI BEACH CONFLUENCE (SOUTH),MARINE,ODISHA,,,,,,,,,,,,,,,,,,,,2023
5020,"NUA NADI, INCHUDI",MARINE,ODISHA,29,32,6.8,6.9,7.2,8,,,1,1.4,,,2,920,,,,,,2023
4962,"NUA NAI RIVER MOUTH
(NORTH)",MARINE,ODISHA,26,31,6.7,7.2,7.6,8.1,,,1,1.7,,,2,9,,,,,,2023
4963,NUA NAI RIVER MOUTH,MARINE,ODISHA,26,31,7,7.4,7.7,8.2,,,1,1.6,,,2,1600,,,,,,2023
4964,NUA NAI RIVER MOUTH (SOUTH),MARINE,ODISHA,26,31,6.4,7.8,8,8.4,,,1,1.6,,,2,33,,,,,,2023
5025,PANCHUPADA RIVER CONFLUENCE,MARINE,ODISHA,29,36,6.4,7.1,7,7.9,,,1,1,,,14,920,,,,,,2023
5026,PANCHUPADA RIVER CONFLUENCE NORTH,MARINE,ODISHA,,,,,,,,,,,,,,,,,,,,2023
4982,PARADEEP PORT NORTH,MARINE,ODISHA,23,30,6.2,7.3,8,8.4,,,1,1,,,2,2,,,,,,2023
4983,PARADEEP PORT,MARINE,ODISHA,24,30,6.1,6.6,8,8.2,,,1,1,,,2,540,,,,,,2023
4984,PARADEEP PORT SOUTH,MARINE,ODISHA,24,31,6.5,7.7,8.1,8.3,,,1,1.1,,,2,8,,,,,,2023
4985,PARADEEP PORT NORTH (2.5 KM FROM SHORE),MARINE,ODISHA,24,30,6.4,7.5,7.3,8.5,,,1,1,,,2,2,,,,,,2023
4986,PARADEEP PORT SOUTH (5 KM FROM PORT ENTRANCE),MARINE,ODISHA,24,30,6.2,7.9,8.1,8.2,,,1,1,,,2,2,,,,,,2023
4940,GHATIKIA RIVER CONFLUENCE (NORTH),MARINE,ODISHA,28,31,6.1,7.3,7.5,8.5,,,1,1,,,2,2,,,,,,2023
4941,GHATIKIA RIVER CONFLUENCE,MARINE,ODISHA,28,31,5.8,7.9,7.6,8.5,,,1,1.2,,,2,47,,,,,,2023
4942,GHATIKIA RIVER CONFLUENCE (SOUTH),MARINE,ODISHA,28,30,4.6,7.8,7.6,8.6,,,1,2.5,,,2,2,,,,,,2023
4952,RUSHIKULYA RIVER MOUTH (NORTH),MARINE,ODISHA,23,31,6.5,7.2,7.6,8.6,,,1,1,,,2,2,,,,,,2023
4953,RUSHIKULYA RIVER MOUTH,MARINE,ODISHA,24,30,6.3,7.9,7.9,8.7,,,1,1,,,2,2,,,,,,2023
4954,"RUSHIKULYA RIVER MOUTH
(SOUTH)",MARINE,ODISHA,,,,,,,,,,,,,,,,,,,,2023
2439,PURI,MARINE,ODISHA,21,31,6.1,7.5,7.3,8.3,38350,51950,1.1,1.8,0.3,0.9,2,79,2,240,2,2,,2023
2440,PARADEEP,MARINE,ODISHA,20,32,5.6,7.6,7.1,8.3,26950,47980,1.1,1.8,0.3,3.6,2,78,2,130,2,2,,2023
2441,GOPALPUR,MARINE,ODISHA,18,32,5.9,7.6,7.3,8.3,35770,49320,1.2,1.8,0.4,2.8,2,13,2,23,2,2,,2023
5027,SUBARNREKHA RIVER CONFLUENCE,MARINE,ODISHA,20,32,7.3,7.4,7.3,7.8,,,1,1.2,,,2,70,,,,,,2023
5687,KALAPET KUPPAM BEACH,SEA,PUDUCHERRY,30,32,6,11.5,7.8,7.9,,,1,1.8,,,1600,1600,1600,1600,58,120,,2023
5688,KURUCHIKUPPAM BEACH,SEA,PUDUCHERRY,30,32,5.5,6,7.7,7.9,,,1,2.9,,,1600,1600,1600,1600,130,220,,2023
5689,THENGAITHITTU BEACH,SEA,PUDUCHERRY,30,32,4,5.4,7.7,7.8,,,1.2,1.5,,,1600,1600,1600,1600,110,110,,2023
5077,THARANGAMBADI BEACH,BEACH,TAMIL NADU,,,5.3,5.9,8,8.5,,,,,,,,,,,,,,2023
5079,VELLANKANNI,BEACH,TAMIL NADU,,,5.3,6.8,8.3,8.6,,,,,,,,,,,,,,2023
5064,ENNORE CREEK,CREEK,TAMIL NADU,,,5.1,5.8,5.6,8.5,,,1,1,,,2,2,2,2,2,2,,2023
5082,ADIRAMAPATTINAM,SEA,TAMIL NADU,,,6.1,8.5,7.1,8.6,,,1,3,,,2,26,,,,,,2023
5071,ALAMPARAIKUPPAM,SEA,TAMIL NADU,,,4.6,7.8,7.4,8.3,,,,,,,,,,,,,,2023
5066,CHENNAI PORT TRUST,SEA,TAMIL NADU,30,33,0.3,7.3,6.5,7.6,,,1,19,,,2,320,,,2,2,,2023
5096,COLACHEL,SEA,TAMIL NADU,,,5,7.1,7.4,8.5,,,1,4,,,9,31,,,,,,2023
5074,CUDDALORE,SEA,TAMIL NADU,32,32,5.2,5.8,8.3,8.5,,,,,,,7,20,68,68,,,,2023
5087,ERWADI,SEA,TAMIL NADU,,,6.1,6.8,7,7.9,50800,54700,1,6.1,,,2,46,17,49,,,,2023
5068,INJAMBAKKAM,SEA,TAMIL NADU,,,5.5,7.6,6.4,8.3,7,7,,,,,2,56,,,,,,2023
5070,KALPAKKAM,SEA,TAMIL NADU,,,6.2,7.6,7.6,8.3,,,,,,,2,45,,,,,,2023
5094,KANYAKUMARI,SEA,TAMIL NADU,,,4.9,7.2,7.2,7.7,,,1,4,,,9,31,,,,,,2023
5095,KEEZHAMANAKUDY,SEA,TAMIL NADU,,,4.7,7,7.2,8.2,,,1,3,,,9,26,,,,,,2023
5083,KEZHATHOTTAM,SEA,TAMIL NADU,,,6.5,8,7.6,8.7,,,1,6,,,2,22,,,,,,2023
5076,KOLLIDAM,SEA,TAMIL NADU,,,5.4,6.5,7.9,8.5,,,,,,,,,,,,,,2023
5093,KOODANKULAM,SEA,TAMIL NADU,,,5.2,7.1,7,8.4,,,,,,,2,21,,,20,20,,2023
5085,KOTTAIPATTINAM,SEA,TAMIL NADU,,,5.1,7.9,7,8.5,,,1,4,,,5,21,,,,,,2023
5073,KOTTAKUPPAM,SEA,TAMIL NADU,,,5.2,5.7,7.9,8.8,,,,,,,,,,,,,,2023
5081,LAGOON NEARBY THE COAST LINE,SEA,TAMIL NADU,33,33,5,5.8,8.2,8.6,,,2.8,12.2,,,9,110,32,32,,,,2023
5084,MALLIPATANAM,SEA,TAMIL NADU,,,6.3,7.9,6.8,8.5,,,1,3,,,2,14,,,,,,2023
5069,MAMALLAPURAM,SEA,TAMIL NADU,,,5.1,7.5,7.5,8.3,,,,,,,2,55,,,18,18,,2023
5080,MUTHUPETTAI,SEA,TAMIL NADU,32,32,5.2,5.7,8.1,8.7,,,2.8,11,,,7,140,39,39,,,,2023
5078,NAGAPATTINAM,SEA,TAMIL NADU,33,33,5.2,5.8,8.1,8.5,,,2.8,4.8,,,7,110,34,34,,,,2023
5075,PICHAVARAM,SEA,TAMIL NADU,33,33,5.4,6.5,8,8.4,,,,,,,7,21,20,20,,,,2023
5090,PUNNAKAYAL,SEA,TAMIL NADU,,,5,6.7,7.3,8.1,,,1,2.6,,,2,38,,,,,,2023
5086,RMESWARAM,SEA,TAMIL NADU,,,6.1,6.5,6.4,7.9,50700,55000,1,6,,,6,34,11,49,,,,2023
5067,SANTHOME BEACH,SEA,TAMIL NADU,30,33,4.4,7.7,7.4,7.8,,,,,,,2,340,,,2,2,,2023
5072,THALNGADU,SEA,TAMIL NADU,,,5,5.8,7.6,8.6,,,,,,,,,,,,,,2023
5097,THANGAPATTINAM,SEA,TAMIL NADU,,,5.2,6.9,7.4,8.5,,,1,4,,,8,47,,,15,15,,2023
5089,THIRUCHENDUR,SEA,TAMIL NADU,,,4.9,6.7,7.5,8.2,,,1,2.7,,,2,31,,,,,,2023
5065,TIRUVOTTIYUR,SEA,TAMIL NADU,,,5.1,6.1,7.8,8.9,,,2,5,,,2,92,,,,,,2023
5088,TUTICORIN,SEA,TAMIL NADU,,,4.7,6.4,7.2,8,,,1,4,,,2,26,,,47,47,,2023
5092,UVARI,SEA,TAMIL NADU,,,5.1,7.1,6.9,8.3,,,1,4,,,8,24,,,,,,2023
5091,VEMBAR,SEA,TAMIL NADU,,,4,6.9,7.1,8.1,,,1,4,,,2,38,,,2,2,,2023
5028,"DIGHA, PURBA MEDINIPUR",MARINE,WEST BENGAL,23,32,5.1,7.4,7.9,8.6,24880,39040,1.2,3,0.3,0.5,2200,4900,4700,9400,68,170,,2023
4349,"SEA WATER, BAY OF BENGAL, AFTER CONFLUENCE OF MARINE OUTFALL OF M/S.AUROBINDO PHARMA LTD.
PYDIBHEEMAVARAM (V), RANASTHALAM (M)",MARINE,ANDHRA PRADESH,21,30,5.2,7.2,7.4,8.4,13800,57300,1.2,2.5,0.32,1.38,3,7,48,120,-,-,,2022
4352,"SEA WAER BAY OF BENGAL, AFTER CONFLUENCE OF MARINE OUTFALL OF M/S MATRIX LABORATORIES LTD
THAMMAYYAPALEM (V) PUSAPATIREGA (M)",MARINE,ANDHRA PRADESH,25,28,5.2,6.6,7.7,8.5,32200,56400,1.4,2.8,0.32,0.88,3,11,39,210,-,-,,2022
4357,"RUSHIKONDA BEACH,VISAKHAPATNAM",BEACH,ANDHRA PRADESH,25,29,4.8,7,7.7,8.5,31700,55700,1.2,2.9,0.32,1.13,3,14,39,150,-,-,,2022
4361,"SEA WATER BAY BENGAL, UPPADA BEACH ROAD, KAKINADA",BEACH,ANDHRA PRADESH,25,28,4.5,7.9,7.8,8.5,4800,51400,2.2,2.8,0.42,1.32,3,20,48,150,-,-,,2022
4362,"SEA WATER, BAY OF BENGAL NEAR DEEP WATER PORT, KAKINADA (1KM AWAY FROM
JETTY)",SEA,ANDHRA PRADESH,25,27,5.3,8,7.4,8.4,861,50300,2.2,3.9,0.82,3.32,4,23,75,460,-,-,,2022
4363,"SEA WATER BAY OF BENGAL NEAR
KUMBHABHISHEKAM TEMPALE, KAKINADA",SEA,"ANDHRA
PRADESH",24,26,5.7,7.5,7.1,8.2,481,47000,2.2,2.8,0.9,4.27,3,21,64,460,-,-,,2022
4371,"SEA WATER, BAY OF BENGAL AFTER CONFLUENCE OF RIVER VASHISTA GODAVARI AT CHINNAMAINAVANILANKA (V), NARSAPUR (M)",MARINE,ANDHRA PRADESH,22,30,5.1,8,7.8,8.4,7300,51500,1.3,2,0.38,1.15,3,14,49,120,-,-,,2022
4378,"SEA WATER, BAY OF BENGAL, MANGINAPUDI
BEACH, MACHILIPATNAM (V & M)",BEACH,"ANDHRA
PRADESH",25,27,5.5,6.8,7.5,8,38200,58500,2.4,2.8,0.83,1.82,3,11,75,252,2,4,,2022
4383,"SEA WATER BAY OF BENGAL, FISHING
HARBOUR, NIZAMPATNAM (V & M)",MARINE,"ANDHRA
PRADESH",22,24,4.6,6.7,7.3,8,26000,56200,2.3,2.9,0.74,1.93,3,13,64,272,2,5,,2022
4385,"SEA WATER, BAY OF BENGAL,
KOTHAPATNAM BEACH",BEACH,"ANDHRA
PRADESH",22,26,5.1,6.6,7.5,8.3,33120,57680,2.3,2.8,0.72,1.81,3,18,64,354,2,6,,2022
4386,"SEA WATER, BAY OF BENGAL, VODAREVU
BEACH, CHIRALA",BEACH,"ANDHRA
PRADESH",22,25,5.4,6.7,7.6,8.1,32900,56900,2.6,2.9,0.72,1.66,3,10,75,210,2,5,,2022
4387,"SEA WATER, BAY OF BENGAL, KRISHNAPATNAM PORT",MARINE,ANDHRA PRADESH,19,21,5.6,6.7,7.2,8,31200,52560,2.4,2.9,0.42,1.53,3,11,64,243,2,4,,2022
4013,TIRACOL BEACH,BEACH,GOA,28,30,5.9,7.5,7.2,8.3,30500,55850,1,2.3,0.32,2.27,13,350,23,540,5,170,,2022
4014,MIRAMAR BEACH,BEACH,GOA,28,32,5.9,7.6,7.7,8.5,8856,53320,1,2,0.32,0.38,79,350,110,540,23,94,,2022
4015,CALANGUTE BEACH,BEACH,GOA,27,30,5.7,7.5,7.4,8.4,29950,53230,1,1.9,0.32,0.42,49,350,79,540,4,94,,2022
4016,MORJIM BEACH,BEACH,GOA,28,30,5.5,7.3,7.3,8.7,15820,56510,1,2.1,0.32,0.32,13,220,23,280,8,110,,2022
4017,MOBOR BEACH,BEACH,GOA,27,31,5.4,7.7,6.6,8.4,12100,55530,1,2,0.32,0.4,110,350,140,540,6,94,,2022
4018,BAINA BEACH,BEACH,GOA,28,30,5.6,7.2,6.6,8.6,37980,54030,1.1,2,0.32,0.99,110,540,140,920,49,130,,2022
4019,GALGIBAG BEACH,BEACH,GOA,28,31,5.5,7.2,6.6,8.2,30130,54450,1,1.9,0.32,1.21,23,240,49,540,7,140,,2022
4020,COLVA BEACH,BEACH,GOA,28,30,6,8,7.4,8.4,30630,54460,1,1.9,0.32,1.78,79,540,140,920,17,130,,2022
4021,VAGATOR BEACH,BEACH,GOA,27,30,6.2,7.3,6.8,8.3,24300,52940,1,1.9,0.32,0.38,33,350,49,1110,5,94,,2022
4022,VELSAO BEACH,BEACH,GOA,28,30,6.3,8,7.1,8.7,43580,54730,1,2,0.32,1.68,49,240,79,350,2,110,,2022
5277,"DOWNSTREAM COLVA CREEK, COLVA- GOA",CREEK,GOA,28,30,2,14.9,5.9,7.7,144,10180,1,9.8,0.32,0.66,2300,4900,3300,7000,270,1100,,2022
5278,"UPSTREAM OF BETHORA NALLAH, BETHORA,
PONDA - GOA",CREEK,GOA,27,30,1.9,7,5.1,6.8,242,2031,1,15,0.32,2.4,1700,2600,2200,4600,340,790,,2022
5279,"DOWNSTREAM OF BETHORA NALLAH,
BETHORA, PONDA -GOA",CREEK,GOA,27,30,1.5,6,5.8,7.1,227,10850,1.4,28,0.32,1.66,1300,3400,2300,4900,230,1100,,2022
2267,"CREEK AT DANDO MOLLO, VELSAO,
MARMUGAO",CREEK,GOA,27,30,4.3,9.5,6.2,8.6,659,23860,1,2.1,0.35,29.92,1100,2700,2100,3400,130,700,,2022
3196,"VANDKHADI AT VILLAGE UMARWADA, TA ANKLESHWAR, BHARUCHAT VILLAGE UMARVADA, TA: ANKLESHWAR, DIST
BHARUCH",CREEK,GUJARAT,29,35,0.3,2.6,6.9,7.6,1110,6087,5,118,0.31,0.92,70,1600,220,1600,-,-,,2022
2080,"MASMA KHADI- OLPAD- SARAS ROADORMA,
OLPAD SARAS ROAD, FROM BRIDGE,SURAT",CREEK,GUJARAT,25,31,5.3,6.8,7.7,8.7,698,5951,1.5,2.8,0.3,0.42,63,920,170,1600,14,110,,2022
2081,"AMLAKHADI CREEK AT PUNGAM.AT VILLAGE
PUNGAM, TA: ANKLESHWAR, DIST BHARUCH",CREEK,GUJARAT,29,35,0.3,6,7.3,7.7,964,4478,1.6,15,0.3,6.72,70,1600,210,1600,-,-,,2022
5173,"RIVER PERUVAMBA AT ETTIKULAM, KANNUR",BEACH,KERALA,-,-,4.2,7.6,7.2,8,-,-,1.2,6.2,-,-,480,810,570,570,-,-,,2022
5174,"R. ANCHARAKKANDY AT MOIDUPALAM,DHARMADAM, KANNUR",BEACH,KERALA,-,-,4.2,8,6.3,8,-,-,1,3.9,-,-,200,810,800,800,-,-,,2022
5178,"KAVVAYI BACKWATERS AT KAVVAYI,
PAYYANUR",BACKWATER,KERALA,-,-,5.2,7.7,7.1,8.8,-,-,1,6.2,-,-,310,810,520,520,-,-,,2022
5181,"BEACH AT VARKALA PAPANASAM,
THIRUVANANTHAPURAM",BEACH,KERALA,-,-,2.4,6.2,6.4,8,5,5,1.3,7,-,-,2100,5600,1800,1800,-,-,,2022
5194,"KMML CHAVARA, KOLLAM",BACKWATER,KERALA,-,-,3,7,6.3,10,,,,,-,-,310,1400,1200,1200,-,-,,2022
1316,"BASSEIN CREEK AT VASAI FORT , VILLAGE- BASSEIN, TALUKA- VASAI, DISTRICT- PALGHAR.",CREEK,MAHARASHTRA,16,34,2.9,6.8,7.4,7.9,5076,52180,3,15,0.3,15.75,31,140,210,430,-,-,,2022
1317,"THANE CREEK AT ELEPHANTA ISLAND,
VILLAGE- ELEPHANTA ISLAND , TALUKA- MUMBAI, DISTRICT- MUMBAI.",CREEK,MAHARASHTRA,25,26,2.7,6,6.8,7.7,32030,57600,7,16,0.57,7.31,31,170,170,540,-,-,,2022
1318,"MAHIM CREEK AT MAHIM BAY, VILLAGE- MAHIM, TALUKA- MUMBAI, DISTRICT-
MUMBAI.",CREEK,MAHARASHTRA,25,26,3.4,5.4,7.1,7.8,14880,55250,10,14,0.6,10.04,79,540,220,920,-,-,,2022
2165,"SEA WATER AT GATEWAY OF INDIA, VILLAGE- COLABA, TALUKA- COLABA, DISTRICT-
MUMBAI.",SEA,MAHARASHTRA,25,26,2.6,5.8,7,7.8,24550,57550,8,14,0.62,10.18,94,1600,540,1600,-,-,,2022
2166,"SEA WATER AT CHARNI ROAD CHOUPATHY, VILLAGE- GIRGAON, TALUKA- MUMBAI,
DISTRICT- MUMBAI.",SEA,MAHARASHTRA,25,26,2.3,5.5,7.1,8,27400,57760,8,14,0.61,12.2,220,1600,540,1600,-,-,,2022
2167,"SEA WATER AT WORLI SEAFACE, VILLAGE- WORLI, TALUKA- WORLI, DISTRICT- MUMBAI.",SEA,MAHARASHTRA,25,26,3.1,5.8,7,8.1,26430,57700,8,13,0.56,10.6,140,540,540,1600,-,-,,2022
2169,"SEA WATER AT VERSOVA BEACH, VILLAGE- VERSOVA, TALUKA- ANDHERI, DISTRICT-
MUMBAI.",SEA,MAHARASHTRA,25,26,3.2,5,6.8,8.2,44620,55360,9,14,0.46,5.72,63,540,240,920,-,-,,2022
2184,"VASHI CREEK AT AIROLI BRIDGE, VILLAGE- AIROLI,TALUKA- THANE, DISTRICT- THANE.",CREEK,MAHARASHTRA,26,32,3.4,5.8,7,7.8,2133,47940,5,12.5,0.43,13.74,31,70,170,350,-,-,,2022
2185,"VASHI CREEK AT VASHI BRIDGE, VILLAGE-
VASHI,TALUKA- THANE,DISTRICT- THANE.",CREEK,MAHARASHTRA,25,30,3.2,6.6,6.8,7.8,6621,52090,6,13,0.3,1.64,33,140,210,350,-,-,,2022
2791,"ULHAS CREEK AT RETI BUNDER AT D/S OF KALYAN- BHIWANDI BRIDGE, VILLAGE- KALYAN, TALUKA- KALYAN, DISTRICT- THANE.",CREEK,MAHARASHTRA,27,29,0.8,6.4,6.8,7.8,187,16930,5,36,0.57,14.2,33,170,130,350,-,-,,2022
2792,"ULHAS CREEK AT MUMBRA RETI BUNDER, VILLAGE- MUMBRA,TALUKA- THANE,
DISTRICT- THANE.",CREEK,MAHARASHTRA,26,34,0.3,6.4,7.2,7.7,232,29020,5,52,0.3,21.9,33,170,210,350,-,-,,2022
2793,"THANE CREEK AT KALWA ROAD BRIDGE, VILLAGE- KALWA,TALUKA- THANE, DISTRICT-
THANE.",CREEK,MAHARASHTRA,26,34,0.7,6.3,7,7.8,230,33840,5,48,0.3,23.05,41,170,220,430,-,-,,2022
2794,"ULHAS CREEK AT KOLSHET RETI BUNDER, VILLAGE- KOLSHET, TALUKA- THANE,
DISTRICT- THANE.",CREEK,MAHARASHTRA,26,34,2.8,6.5,7.1,7.7,465,33930,6,44,0.47,22.35,33,170,220,350,-,-,,2022
2795,"ULHAS CREEK AT GAIMUKH AT NAGLA BUNDER ON GHOD BUNDER ROAD, VILLAGE-
NAGLA,TALUKA- THANE, DISTRICT- THANE.",CREEK,MAHARASHTRA,25,32,2.9,6.4,7.3,7.6,471,39840,6,26,0.3,21.75,27,120,170,280,-,-,,2022
2796,"ULHAS CREEK AT VERSOVA BRIDGE, VILLAGE-
VERSOVA, TALUKA- VASAI, DISTRICT- PALGHAR.",CREEK,MAHARASHTRA,20,34,3.7,6.6,7.2,7.7,255,43530,3,14,0.3,21.75,49,170,220,540,-,-,,2022
2797,"BHAYANDER CREEK AT D/S OF RAILWAY BRIDGE AT  JASAL PARK CHOUPATHY, VILLAGE- NAVGHAR, TALUKA- THANE,
DISTRICT- THANE.",CREEK,MAHARASHTRA,20,34,2.5,6,7.2,7.9,683,51070,8,18,0.3,4.17,22,540,220,1600,-,-,,2022
2798,"KHAREKURAN MURBE CREEK , VILLAGE-
KHAREKURAN, TALUKA- PALGHAR, DISTRICT- PALGHAR.",CREEK,MAHARASHTRA,26,27,3.7,5.6,6.5,8.1,21760,60370,8,15,0.3,37.85,33,350,220,540,-,-,,2022
2799,"DANDI CREEK, VILLAGE- DANDI, TALUKA-
PALGHAR, DISTRICT- PALGHAR.",CREEK,MAHARASHTRA,26,27,2.6,5.8,7.1,8.1,21800,60000,8,16,0.72,13.02,22,140,170,350,-,-,,2022
2800,"SARWALI CREEK, VILLAGE- SARWALI, TALUKA- PALGHAR, DISTRICT- PALGHAR.",CREEK,MAHARASHTRA,26,27,3.9,7.2,7,8.1,216,54800,3,11,0.3,39.5,33,110,210,350,-,-,,2022
2801,"SAVTA CREEK, VILLAGE- SAVTA, TALUKA-
DAHANU, DISTRICT- PALGHAR.",CREEK,MAHARASHTRA,26,27,0.3,7,7,8.2,253,60940,2.8,44,0.3,2.57,23,110,170,350,-,-,,2022
2802,"DAHANU CREEK AT DAHANU FORT, VILLAGE- DANUGAON, TALUKA- DAHANU, DISTRICT-
PALGHAR.",CREEK,MAHARASHTRA,26,27,0.3,7,7,8,231,61360,4,56,0.3,3.83,17,110,140,350,-,-,,2022
2803,"PANVEL CREEK AT KOPRA BRIDGE, VILLAGE-
KOPRA,TALUKA- PANVEL, DISTRICT- RAIGAD.",CREEK,MAHARASHTRA,26,30,3.8,7.5,7,7.8,122,38890,3.6,12,0.3,20.2,22,94,170,350,-,-,,2022
2804,"KARAMBAVANE CREEK AT CHIPLUN, VILLAGE- KARAMBAVANE, TALUKA- CHIPLUN,
DISTRICT- RATNAGIRI.",CREEK,MAHARASHTRA,27,33,5.6,7.1,6.7,7.8,96,13720,1.7,2.2,0.31,2.3,4,17,12,58,2,2,,2022
2805,"ARNALA SEA, VILLAGE- ARNALA, TALUKA- VASAI, DISTRICT- PALGHAR.",SEA,MAHARASHTRA,20,34,3.5,6,7.6,8,11120,57150,9,14,0.38,7.38,49,350,240,920,-,-,,2022
2806,"UTTAN SEA AT BHAYANDER, VILLAGE-
UTTAN, TALUKA- THANE, DISTRICT- THANE.",SEA,MAHARASHTRA,20,34,3.6,6.3,6.8,8,1925,55820,4,13,0.69,1.61,44,540,220,920,-,-,,2022
2807,"NAVAPUR SEA, VILLAGE- NAVAPUR, TALUKA- PALGHAR, DISTRICT- PALGHAR.",SEA,MAHARASHTRA,26,27,0.3,6,6.5,8,21810,60030,8,180,1.46,26.2,23,140,110,540,-,-,,2022
2808,"SEA WATER AT NARIMAN POINT, VILLAGE-
COLABA, TALUKA- COLABA, DISTRICT-
MUMBAI.",SEA,MAHARASHTRA,25,26,2.1,6,7,8,21980,57950,8,14,0.57,6.59,220,920,540,1600,-,-,,2022
2809,"SEA WATER AT MALABAR HILL, VILLAGE- WALKESHWAR,TALUKA- MUMBAI,DISTRICT- MUMBAI.",SEA,MAHARASHTRA,25,26,2.4,5.3,7.1,8,24110,57650,9,14,0.63,5.74,94,920,540,920,-,-,,2022
2810,"SEA WATER AT HAJI ALI, VILLAGE- WORLI, TALUKA- WORLI, DISTRICT- MUMBAI.",SEA,MAHARASHTRA,25,26,1.7,5.8,7.1,8.1,27820,57750,9,14,0.61,9.52,350,920,540,1600,-,-,,2022
2811,"SEA WATER AT SHIVAJI PARK ( DADAR CHOUPATHY), VILLAGE- DADAR, TALUKA-
DADAR,  DISTRICT- MUMBAI.",SEA,MAHARASHTRA,25,26,2.4,5.7,6.5,7.6,23460,57730,8,13,0.6,6.77,240,920,540,1600,-,-,,2022
2812,"SEA WATER AT JUHU BEACH,  VILLAGE- JUHUGAON, TALUKA- SANTACRUZ,  DISTRICT-
MUMBAI.",SEA,MAHARASHTRA,25,26,2.4,5.8,7.3,8.2,44480,55700,7,14,0.44,5.59,220,1600,920,1600,-,-,,2022
2813,"SEA WATER AT GANAPATHIPULE, VILLAGE- GANAPATIPULE, TALUKA- RATNAGIRI,
DISTRICT- RATNAGIRI.",SEA,MAHARASHTRA,22,32,5.4,6.5,7.3,8.1,43580,56360,2,3,0.3,2.53,24,47,120,170,-,-,,2022
2814,"SEA WATER AT BHAGWATI BUNDER, RATNAGIRI NEAR ULTRA TECH CEMENT JETTY
, VILLAGE- MIRKARWADA, TALUKA-
RATNAGIRI, DISTRICT- RATNAGIRI.",SEA,MAHARASHTRA,21,31,4.8,6.5,7.2,8.3,44210,55660,2.2,3,0.3,2.76,27,58,110,170,-,-,,2022
2815,"MADVI SEA WATER AT RATNAGIRI NEAR JODHALE MARUTI TEMPLE,  VILLAGE- MADVIGAON, TALUKA- RATNAGIRI, DISTRICT- RATNAGIRI.",SEA,MAHARASHTRA,21,30,5.4,7,7.8,8.2,31120,55910,2,2.8,0.3,2.66,25,46,110,170,-,-,,2022
4938,BAHUDA CONFLUENCE,MARINE,ODISHA,29,29,7.1,7.1,8.2,8.2,-,-,1,1,-,-,9,9,-,-,-,-,,2022
4939,BAHUDA CONFLUENCE (SOUTH),MARINE,ODISHA,28,29.5,5.1,7,7.3,8.7,-,-,1.3,2.2,-,-,2,79,-,-,-,-,,2022
4940,GHATIKIA RIVER CONFLUENCE (NORTH),MARINE,ODISHA,29,31,5.3,7.1,7.7,8.4,-,-,1,2.5,-,-,2,70,-,-,-,-,,2022
4941,GHATIKIA RIVER CONFLUENCE,MARINE,ODISHA,29.4,29.4,7.3,7.3,8.3,8.3,-,-,1,1,-,-,23,23,-,-,-,-,,2022
4942,GHATIKIA RIVER CONFLUENCE (SOUTH),MARINE,ODISHA,29.3,29.3,7.2,7.2,8.2,8.2,-,-,1,1,-,-,130,130,-,-,-,-,,2022
4943,MARKANDI BEACH CONFLUENCE (NORTH),MARINE,ODISHA,29.3,29.3,6.9,6.9,8.3,8.3,-,-,1,1,-,-,2,2,-,-,-,-,,2022
4944,MARKANDI BEACH CONFLUENCE,MARINE,ODISHA,29,32,3,7.7,8.3,8.6,-,-,1,2.2,-,-,4,1600,-,-,-,-,,2022
4946,HARIPUR CREEK CONFLUENCE (SOUTH),MARINE,ODISHA,29,29,6.7,6.7,8.3,8.3,-,-,1,1,-,-,2,2,-,-,-,-,,2022
4947,HARIPUR CREEK CONFLUENCE,MARINE,ODISHA,28.3,29.3,5,6.7,7.9,8.5,-,-,1,2.4,-,-,2,7,-,-,-,-,,2022
4948,HARIPUR CREEK CONFLUENCE (NORTH),MARINE,ODISHA,29,29,7.1,7.1,8.3,8.3,-,-,1,1,-,-,2,2,-,-,-,-,,2022
4949,"NEAR IRE, GOPALPUR",MARINE,ODISHA,29,29,6.9,6.9,8.4,8.4,-,-,1,1,-,-,2,2,-,-,-,-,,2022
4950,GOPLAPUR PORT,MARINE,ODISHA,28.1,30,5.6,6.9,8.4,8.8,-,-,1,2.3,-,-,11,350,-,-,-,-,,2022
4951,ARYAPALLI,MARINE,ODISHA,28,28,7,7,8.6,8.6,-,-,1,1,-,-,27,27,-,-,-,-,,2022
4952,RUSHIKULYA RIVER MOUTH (NORTH),MARINE,ODISHA,30.1,30.6,5.2,6.7,8.1,8.6,-,-,1,1.9,-,-,2,1600,-,-,-,-,,2022
4953,RUSHIKULYA RIVER MOUTH,MARINE,ODISHA,28.5,28.5,7.9,7.9,8.5,8.5,-,-,1,1,-,-,5,5,-,-,-,-,,2022
4955,CHILIKA MOUTH ON SEA AT MANIKAPATANA,MARINE,ODISHA,29,29,8.4,8.4,7.5,7.5,-,-,1.2,1.2,-,-,28,28,-,-,-,-,,2022
4956,DHAUDIA RIVER MOUTH (NORTH),MARINE,ODISHA,28,30.4,5.7,7.2,7.8,8.4,-,-,1,3.4,-,-,2,540,-,-,-,-,,2022
4957,DHAUDIA RIVER MOUTH,MARINE,ODISHA,27,27,8.3,8.3,7.9,7.9,,,4,4,-,-,33,33,-,-,-,-,,2022
4958,DHAUDIA RIVER MOUTH (SOUTH),MARINE,ODISHA,27,27,7.4,7.4,8.1,8.1,-,-,1.4,1.4,-,-,2,2,-,-,-,-,,2022
4959,MANGALA RIVER MOUTH (NORTH),MARINE,ODISHA,27.5,27.5,6.9,6.9,8.2,8.2,-,-,1.1,1.1,-,-,11,11,-,-,-,-,,2022
4960,MANGALA RIVER MOUTH,MARINE,ODISHA,28.5,31,5.5,7.9,7.5,8.3,-,-,1,2.4,-,-,2,1600,-,-,-,-,,2022
4961,MANGALA RIVER MOUTH (SOUTH),MARINE,ODISHA,27,27,8.1,8.1,8.7,8.7,-,-,2,2,-,-,17,17,-,-,-,-,,2022
4962,NUA NAI RIVER MOUTH (NORTH),MARINE,ODISHA,28,31,5.9,6.7,7.5,8.3,-,-,1,2.3,-,-,2,5,-,-,-,-,,2022
4963,NUA NAI RIVER MOUTH,MARINE,ODISHA,28,28,8.1,8.1,8.1,8.1,-,-,1,1,-,-,5,5,-,-,-,-,,2022
4964,NUA NAI RIVER MOUTH (SOUTH),MARINE,ODISHA,28,28,8.1,8.1,8,8,-,-,2.8,2.8,-,-,4,4,-,-,-,-,,2022
4965,KUSHABHADRA RIVER MOUTH (NORTH),MARINE,ODISHA,29,29,7.7,7.7,8,8,-,-,1,1,-,-,9,9,-,-,-,-,,2022
4966,KUSHABHADRA RIVER MOUTH,MARINE,ODISHA,29,33,5.6,7.6,8,8.3,-,-,1,1.4,-,-,2,79,-,-,-,-,,2022
4968,CHANDRABHAGA BEACH,MARINE,ODISHA,29,31,5.2,6.8,8.1,8.3,-,-,1,1.2,-,-,2,11,-,-,-,-,,2022
4969,KADUA RIVER (NORTH),MARINE,ODISHA,28,28,8.2,8.2,8,8,-,-,1,1,-,-,2,2,-,-,-,-,,2022
4970,KADUA RIVER,MARINE,ODISHA,28.5,28.5,7.8,7.8,8.3,8.3,-,-,1,1,-,-,2,2,-,-,-,-,,2022
4971,KADUA RIVER (SOUTH),MARINE,ODISHA,28.5,28.5,6.8,6.8,8,8,-,-,1,1,-,-,2,2,-,-,-,-,,2022
4973,DEVI RIVER MOUTH,MARINE,ODISHA,28,31,6,8.2,8.1,8.6,-,-,1,1.4,-,-,2,1600,-,-,-,-,,2022
4975,JATADHARI MUHANA (NORTH),MARINE,ODISHA,29.5,29.5,6.2,6.2,8.3,8.3,-,-,1.3,1.3,-,-,8,8,-,-,-,-,,2022
4976,JATADHARI MUHANA,MARINE,ODISHA,29.5,29.5,6.6,6.6,8.2,8.2,-,-,1,1,-,-,2,2,-,-,-,-,,2022
4977,JATADHARI MUHANA (SOUTH - 1),MARINE,ODISHA,30.3,30.3,6.6,6.6,8.3,8.3,-,-,1,1,-,-,11,11,-,-,-,-,,2022
4978,JATADHARI MUHANA (SOUTH - 2),MARINE,ODISHA,30.5,30.5,6.2,6.2,9,9,-,-,1,1,-,-,2,2,-,-,-,-,,2022
4979,"JATADHARI MUHANA CS - 3 (2.5 KM FROM
SHORE)",MARINE,ODISHA,29.8,30.7,6.3,7.6,8.1,8.3,-,-,1,1.6,-,-,2,2,-,-,-,-,,2022
4980,JATADHARI MUHANA CS - 4 (SOUTH 5 KM FROM SHORE),MARINE,ODISHA,29.3,29.9,6.5,7.1,8.2,8.4,-,-,1,2.1,-,-,2,2,-,-,-,-,,2022
4981,JATADHARI MUHANA CS - 5 (NORTH 5 KM SHORE),MARINE,ODISHA,29.7,29.9,6.1,7.1,8,8.4,-,-,1,1,-,-,2,2,-,-,-,-,,2022
4982,PARADEEP PORT NORTH,MARINE,ODISHA,30.1,30.1,6.5,6.5,8.1,8.1,-,-,1,1,-,-,2,2,-,-,-,-,,2022
4983,PARADEEP PORT,MARINE,ODISHA,29.5,29.5,6.5,6.5,8.5,8.5,-,-,1,1,-,-,2,2,-,-,-,-,,2022
4984,PARADEEP PORT SOUTH,MARINE,ODISHA,29.4,29.4,6.1,6.1,9,9,-,-,1,1,-,-,2,2,-,-,-,-,,2022
4985,"PARADEEP PORT NORTH (2.5 KM FROM
SHORE)",MARINE,ODISHA,30.1,30.1,6.6,6.6,8.9,8.9,-,-,1.6,1.6,-,-,2,2,-,-,-,-,,2022
4986,"PARADEEP PORT SOUTH (5 KM FROM PORT
ENTRANCE)",MARINE,ODISHA,29.5,29.5,6,6,8,8,-,-,1.4,1.4,-,-,2,2,-,-,-,-,,2022
4987,MAHANADI MUHANA C - 1,MARINE,ODISHA,29,31.2,6.6,7.2,8,8.4,-,-,1,1.1,-,-,2,14,-,-,-,-,,2022
4988,MAHANADI MUHANA NORTH,MARINE,ODISHA,29.5,29.5,5.2,5.2,8.2,8.2,-,-,1,1,-,-,2,2,-,-,-,-,,2022
4989,MAHANADI MUHANA UP NORTH (2.5 KM FROM SHORE),MARINE,ODISHA,29,30.8,6.3,7.3,8.5,8.7,-,-,1,1,-,-,2,2,-,-,-,-,,2022
4995,HANSUA RIVER MOUTH,MARINE,ODISHA,24,30.9,7,7.4,7.4,8.2,-,-,1,1.7,-,-,70,540,-,-,-,-,,2022
4996,HANSUA RIVER MOUTH (NORTH),MARINE,ODISHA,23.5,32.4,5.8,6.4,8.3,8.4,-,-,1,2.7,-,-,2,2,-,-,-,-,,2022
4997,GAHIRMATH 2,MARINE,ODISHA,23.9,32.6,5.3,6.3,8.2,8.5,-,-,1,2.1,-,-,2,6,-,-,-,-,,2022
4998,"GAHIRMATHA, SATABHAYA",MARINE,ODISHA,24.4,32.8,6.4,6.7,8.3,9.3,-,-,1,2.8,-,-,2,920,-,-,-,-,,2022
4999,GAHIRMATHA 3,MARINE,ODISHA,24.1,32.1,5.6,6.3,8,8.5,-,-,1,1.4,-,-,2,27,-,-,-,-,,2022
5000,HABADHIKUTA 2,MARINE,ODISHA,24,30.8,5.7,6.5,7.9,8.7,-,-,1,1,-,-,2,48,-,-,-,-,,2022
5001,EKAKULA FOREST RH - 1,MARINE,ODISHA,23.9,30.6,6.3,7.5,8.4,9.1,-,-,1,1.7,-,-,2,9,-,-,-,-,,2022
5002,JAMBU 2,MARINE,ODISHA,24.1,31.9,5.3,7.2,8.1,8.6,-,-,1,1.7,-,-,2,79,-,-,-,-,,2022
5003,HANSUA MOUTH NORTH 2,MARINE,ODISHA,24.5,32.2,5.4,6.5,8.1,8.5,-,-,1,2,-,-,2,2,-,-,-,-,,2022
5004,HANSUA MOUTH NORTH 3,MARINE,ODISHA,24.1,29.3,5.1,7.2,7.7,8.3,-,-,1,2.4,-,-,9,24,-,-,-,-,,2022
5005,"GAHIRMATHA, SATABHAYA SOUTH",MARINE,ODISHA,24.3,29.3,5.1,5.9,8.2,8.3,-,-,1,1,-,-,7,920,-,-,-,-,,2022
5006,GAHIRMATHA 4,MARINE,ODISHA,23.7,29.4,7,7.4,8.2,8.3,-,-,2.1,2.9,-,-,5,170,-,-,-,-,,2022
5007,HABADHIKUTA 3,MARINE,ODISHA,23.1,30.2,5.8,6.7,8.4,8.6,-,-,1,1.1,-,-,2,27,-,-,-,-,,2022
5008,EKAKULA FOREST RH - 2,MARINE,ODISHA,22.4,30.2,5.4,6.4,8.1,8.4,-,-,1,1,-,-,2,79,-,-,-,-,,2022
5009,DHAMRA MUHANA C - 1,MARINE,ODISHA,21.5,30.1,6,6.8,7.6,7.8,-,-,1,1.4,-,-,2,1600,-,-,-,-,,2022
5010,DHAMRA MUHANA C - 2,MARINE,ODISHA,22,25.9,6.5,6.6,7.7,8.3,-,-,1,1,-,-,2,2,-,-,-,-,,2022
5011,DHAMRA MUHANA C - NORTH,MARINE,ODISHA,21.7,30.2,6.1,7,7.5,7.9,-,-,1,1,-,-,2,2,-,-,-,-,,2022
5012,KANAKPRASAD - 1,MARINE,ODISHA,22,30.5,5.6,6.2,7.2,7.8,-,-,1,2.3,-,-,2,2,-,-,-,-,,2022
5013,KANAKPRASAD - 2,MARINE,ODISHA,22,30.1,5,6.8,7.4,8.1,-,-,1,1,-,-,2,5,-,-,-,-,,2022
5014,DHAMRA PORT 2,MARINE,ODISHA,22.2,30.3,6.4,7,7.1,7.9,-,-,1,1,-,-,2,22,-,-,-,-,,2022
5015,"BASUDEVPUR, JAGESWARNATH TEMPLE",MARINE,ODISHA,28.6,34.1,3.8,6.8,6.9,8.6,-,-,1.1,2,-,-,62,1600,-,-,-,-,,2022
5016,KANSA BANSA RIVER MOUTH (MAA MATIAMANGALA TEMPLE),MARINE,ODISHA,29,29,7.9,7.9,7.3,7.3,-,-,2.8,2.8,-,-,130,130,-,-,-,-,,2022
5017,KHERENGA,MARINE,ODISHA,28.5,34,5.1,8.1,8,8.5,-,-,1.8,2.2,-,-,8,920,-,-,-,-,,2022
5018,MAHARUDRAPUR,MARINE,ODISHA,28.5,28.5,6.2,6.2,7.5,7.5,-,-,2.7,2.7,-,-,49,49,-,-,-,-,,2022
5019,HARICHANDRAPUR,MARINE,ODISHA,28.5,28.5,6.7,6.7,7.5,7.5,-,-,4.4,4.4,-,-,23,23,-,-,-,-,,2022
5020,"NUA NADI, INCHUDI",MARINE,ODISHA,25.8,32,4,7.7,8,8.6,-,-,1.3,2.7,-,-,41,1600,-,-,-,-,,2022
5021,DEULABAD,MARINE,ODISHA,29,29,6.7,6.7,7.6,7.6,-,-,3.7,3.7,-,-,1600,1600,-,-,-,-,,2022
5022,JAYDEV KASAB,MARINE,ODISHA,26.1,30.5,5.3,6.7,7,8.1,-,-,2.6,2.9,-,-,27,1600,-,-,-,-,,2022
5023,GUDUPAHI,MARINE,ODISHA,28,28,7.1,7.1,7.5,7.5,-,-,1.9,1.9,-,-,350,350,-,-,-,-,,2022
5024,BUDHABALANGA RIVER CONFLUENCE,MARINE,ODISHA,28.2,30,5.4,7.1,7.2,8.3,-,-,1.3,2.4,-,-,62,1600,-,-,-,-,,2022
5025,PANCHUPADA RIVER CONFLUENCE,MARINE,ODISHA,28,28,7.8,7.8,7.6,7.6,-,-,1,1,-,-,40,40,-,-,-,-,,2022
5027,SUBARNREKHA RIVER CONFLUENCE,MARINE,ODISHA,29,29,7.9,7.9,7.5,7.5,-,-,2.2,2.2,-,-,2,2,-,-,-,-,,2022
3961,ATHARABANKI CREEK,CREEK,ODISHA,22,33,3.6,6.6,5.2,7.9,625,29800,1.3,8,0.66,7.42,45,2200,330,4900,-,-,,2022
2439,PURI,MARINE,ODISHA,20,30,6.3,9.8,7.7,8.3,36440,46860,1.2,2.1,0.32,1.32,2,49,2,230,2,2,,2022
2440,PARADEEP,MARINE,ODISHA,24,33,6.2,7.4,6.7,8.2,27460,48880,1.1,2.2,0.41,1.98,2,45,2,78,2,2,,2022
2441,GOPALPUR,MARINE,ODISHA,15,32,5.8,8.5,7.1,8.2,39290,46500,1.1,2.1,0.39,2.39,2,45,2,230,2,2,,2022
5064,ENNORE CREEK,CREEK,TAMIL NADU,-,-,5.1,6.3,6.7,8.3,-,-,-,-,-,-,-,-,-,-,-,-,,2022
5065,TIRUVOTTIYUR,SEA,TAMIL NADU,-,-,5.4,6.6,7.4,8.4,-,-,3,4,-,-,2,40,-,-,45,45,,2022
5066,CHENNAI PORT TRUST,SEA,TAMIL NADU,29,30,3,7.3,6.4,7.7,-,-,2,7,-,-,2,45,-,-,-,-,,2022
5067,SANTHOME BEACH,SEA,TAMIL NADU,26,30,5.5,7.4,6.9,7.7,-,-,,,-,-,2,2,-,-,-,-,,2022
5068,INJAMBAKKAM,SEA,TAMIL NADU,31,31,5.5,6.9,7.3,8.6,-,-,3,3,-,-,2,110,-,-,-,-,,2022
5069,MAMALLAPURAM,SEA,TAMIL NADU,32,32,5.4,7.2,7.5,8.7,-,-,2,2,-,-,2,40,-,-,-,-,,2022
5070,KALPAKKAM,SEA,TAMIL NADU,32,32,5.8,7,7.6,8.4,-,-,5,5,-,-,2,78,-,-,-,-,,2022
5071,ALAMPARAIKUPPAM,SEA,TAMIL NADU,32,32,6.3,8.2,7.6,8.4,-,-,1,2,-,-,-,-,-,-,-,-,,2022
5072,THALNGADU,SEA,TAMIL NADU,-,-,5.6,5.9,7.7,8.5,-,-,-,-,-,-,-,-,-,-,-,-,,2022
5073,KOTTAKUPPAM,SEA,TAMIL NADU,-,-,5.6,5.9,8.4,8.5,-,-,-,-,-,-,-,-,-,-,-,-,,2022
5074,CUDDALORE,SEA,TAMIL NADU,-,-,5.6,5.9,8.4,8.6,-,-,-,-,-,-,6,22,-,-,-,-,,2022
5075,PICHAVARAM,SEA,TAMIL NADU,-,-,5.5,7.6,8.3,8.6,-,-,-,-,-,-,6,26,-,-,-,-,,2022
5076,KOLLIDAM,SEA,TAMIL NADU,-,-,5.6,5.9,8.4,8.5,-,-,-,-,-,-,-,-,-,-,-,-,,2022
5077,THARANGAMBADI BEACH,BEACH,TAMIL NADU,-,-,5.6,5.9,8.4,8.7,-,-,-,-,-,-,-,-,-,-,-,-,,2022
5078,NAGAPATTINAM,SEA,TAMIL NADU,-,-,5.6,5.9,7.9,8.6,-,-,4,22,-,-,6,24,-,-,-,-,,2022
5079,VELLANKANNI,BEACH,TAMIL NADU,-,-,5.2,6.3,8.4,8.7,-,-,-,-,-,-,6,6,-,-,-,-,,2022
5080,MUTHUPETTAI,SEA,TAMIL NADU,-,-,5.6,5.9,7.8,8.7,-,-,11.2,22,-,-,7,14,-,-,-,-,,2022
5081,LAGOON NEARBY THE COAST LINE,SEA,TAMIL NADU,-,-,5.2,5.9,8.4,8.9,-,-,13,22,-,-,4,21,-,-,14,14,,2022
5082,ADIRAMAPATTINAM,SEA,TAMIL NADU,-,-,6.1,8,6.7,8.8,-,-,1,3.8,-,-,6,26,-,-,-,-,,2022
5083,KEZHATHOTTAM,SEA,TAMIL NADU,-,-,6.5,8.1,7.5,8.8,-,-,1,3.5,-,-,6,90,-,-,-,-,,2022
5084,MALLIPATANAM,SEA,TAMIL NADU,-,-,6,8,7.5,8.8,-,-,1,3.2,-,-,6,26,-,-,-,-,,2022
5085,KOTTAIPATTINAM,SEA,TAMIL NADU,-,-,6.5,8.2,7.7,8.9,-,-,1,3.2,-,-,6,33,-,-,-,-,,2022
5086,RMESWARAM,SEA,TAMIL NADU,-,-,6,6.5,7,7.8,54700,55700,1,2,-,-,17,34,-,-,27,27,,2022
5087,ERWADI,SEA,TAMIL NADU,-,-,5.9,6.4,7.3,7.6,55400,56400,1,2,-,-,20,50,-,-,-,-,,2022
5088,TUTICORIN,SEA,TAMIL NADU,-,-,4.8,7.2,6.4,8.9,-,-,1,25,-,-,5,140,-,-,84,84,,2022
5089,THIRUCHENDUR,SEA,TAMIL NADU,-,-,6.2,8.4,7,8.5,-,-,1,15.3,-,-,6,46,-,-,-,-,,2022
5090,PUNNAKAYAL,SEA,TAMIL NADU,-,-,5.6,8,7.1,8.4,-,-,1,26,-,-,6,76,-,-,-,-,,2022
5091,VEMBAR,SEA,TAMIL NADU,-,-,6.2,7.5,6.7,8.5,-,-,1,26,-,-,4,74,-,-,48,48,,2022
5092,UVARI,SEA,TAMIL NADU,-,-,3.8,8.1,6.9,8.4,-,-,1,3,-,-,6,74,-,-,-,-,,2022
5093,KOODANKULAM,SEA,TAMIL NADU,-,-,5.9,8.4,7.3,8.5,-,-,-,-,-,-,6,126,-,-,-,-,,2022
5094,KANYAKUMARI,SEA,TAMIL NADU,-,-,4.2,8.5,6.9,8.8,-,-,1,3,-,-,6,62,-,-,-,-,,2022
5095,KEEZHAMANAKUDY,SEA,TAMIL NADU,-,-,5,7.9,7.4,8.6,-,-,1,3,-,-,8,86,10,10,10,10,,2022
5096,COLACHEL,SEA,TAMIL NADU,-,-,4,7.6,7.4,8.5,-,-,1,5,-,-,4,206,-,-,-,-,,2022
5097,THANGAPATTINAM,SEA,TAMIL NADU,-,-,4,8,7.4,8.4,-,-,1,3,-,-,6,86,-,-,-,-,,2022
5028,"DIGHA, PURBA MEDINIPUR",MARINE,WEST BENGAL,22,33,5.3,7.9,7.4,8.5,24060,41150,1,2.3,0.32,0.59,2300,4900,4600,8400,68,170,,2022
4349,"SEA WATER , BAY OF BENGAL, AFTER CONFLUENCE OF MARINE OUTFALL OF M/S. AUROBINDO PHARMA
LTD. PYDIBHEEMAVARAM (V) RANASTHALAM (M)",MARINE,ANDHRA PRADESH,21,34,5,8,7.2,8.1,25900,53500,1.6,2.4,0.4,1.7,4,7,64,95,,,,2021
4352,"SEA WAER BAY OF BENGAL, AFTER CONFLUENCE OF
MARINE OUTFALL OF M/S MATRIX LABORATORIES LTD THAMMAYYAPALEM (V) PUSAPATIREGA (M)",MARINE,ANDHRA PRADESH,25,32,5.3,8.5,7.4,8.1,34700,53500,1.6,2.5,0.3,1.8,4,7,64,95,,,,2021
4357,RUSHIKONDA BEACH,BEACH,ANDHRA PRADESH,26,29,5,8.2,7.1,8.5,36800,53500,1.5,2.2,0.3,1.3,4,9,64,120,,,,2021
4361,"SEA WATER BAY BENGAL, UPPADA BEACH ROAD, KAKINADA",BEACH,ANDHRA PRADESH,24,29,3.2,7,7,7.9,30600,53100,BDL,2.8,0.3,3,3,7,49,93,,,,2021
4362,"SEA WATER, BAY OF BENGAL NEAR DEEP WATER PORT, KAKINADA (1KM AWAY FROM JETTY)",SEA,ANDHRA PRADESH,23,29,3.8,7.2,7,8,1120,50800,1.9,3,0.3,3.7,4,15,64,120,,,,2021
4363,"SEA WATER BAY OF BENGAL NEAR KUMBHABHISHEKAM TEMPALE, KAKINADA",SEA,ANDHRA PRADESH,23,30,2,6.6,7,8,1020,46900,2.2,5.8,0.3,3.5,4,9,75,120,,,,2021
4371,"SEA WATER, BAY OF BENGAL AFTER CONFLUENCE OF
RIVER VASHISTA GODAVARI AT CHINNAMAINAVANILANKA (V), NARSAPUR (M)",MARINE,ANDHRA PRADESH,24,30,4.5,7.8,7,8.2,5030,51500,1.5,3.5,0.4,2.2,4,7,64,120,,,,2021
4378,"SEA WATER, BAY OF BENGAL, MANGINAPUDI BEACH, MACHILIPATNAM",BEACH,ANDHRA PRADESH,25,30,3.4,5.3,7,7.8,35800,56900,2,2.8,0.8,1.3,3,3,43,120,,,,2021
4383,"SEA WATER BAY OF BENGAL, FISHING HARBOUR, NIZAMPATNAM",MARINE,ANDHRA PRADESH,21,25,3.6,5.3,7.1,8,32900,55700,2,2.8,0.9,2.3,3,3,43,120,,,,2021
4385,"SEA WATER, BAY OF BENGAL, KOTHAPATNAM BEACH",BEACH,ANDHRA PRADESH,22,25,3.6,5.9,7.1,8,34900,56200,2.2,2.8,0.8,1.4,3,3,23,93,,,,2021
4386,"SEA WATER, BAY OF BENGAL, VADAREVU BEACH, CHIRALA",BEACH,ANDHRA PRADESH,22,25,3.5,5.7,6.8,8,35600,56400,2.4,2.8,0.8,1.6,3,3,23,120,,,,2021
4387,"SEA WATER, BAY OF BENGAL, KRISHNAPATNAM PORT",MARINE,ANDHRA PRADESH,18,23,3.7,5.6,7.1,8,34900,55700,2.4,2.8,1,1.3,3,3,23,120,,,,2021
2267,"CREEK AT DANDO MOLLO, VELSAO, MAMUGAO",CREEK,GOA,25,32,4.2,8,6.6,7.7,311,51530,BDL,2.4,0.3,3.8,230,2300,1100,4900,,,,2021
4013,TIRACOL BEACH,BEACH,GOA,27,31,6.4,7.7,7.6,8.2,26000,61900,BDL,1.9,0.3,0.5,13,240,49,920,,,,2021
4014,MIRAMAR BEACH,BEACH,GOA,27,29,6,7.5,7,8,18900,57680,BDL,2,0.3,0.8,23,240,33,350,,,,2021
4015,CALANGUTE BEACH,BEACH,GOA,27,30,6.1,7,6.5,7.9,31300,61250,1.1,1.9,0.3,0.3,22,220,130,280,,,,2021
4016,MORJIM BEACH,BEACH,GOA,28,31,6,7.7,7.7,8.3,25800,58830,BDL,1.9,0.3,2.4,13,350,23,920,,,,2021
4017,MOBOR BEACH,BEACH,GOA,27,32,5.8,7.1,6.7,7.8,26000,57880,BDL,1.9,0.3,0.8,22,240,33,540,,,,2021
4018,BAINA BEACH,BEACH,GOA,26,33,5.6,7,7,8.4,32930,57760,BDL,2,0.3,1.7,13,240,23,540,,,,2021
4019,GALGIBAG BEACH,BEACH,GOA,27,34,4.5,7.8,7,8.1,45630,57640,BDL,2,0.3,0.3,BDL,220,BDL,280,,,,2021
4020,COLVA BEACH,BEACH,GOA,28,32,6,7.2,6.3,8,23800,58710,BDL,2.6,0.3,0.4,23,350,79,540,,,,2021
4021,VAGATOR BEACH,BEACH,GOA,27,30,6.2,7.3,6.5,7.9,31100,62640,BDL,2,0.3,0.6,17,170,170,350,,,,2021
4022,VELSAO BEACH,BEACH,GOA,26,32,5.3,7.2,7.1,8.4,38710,59530,BDL,1.9,0.3,1.6,7.8,170,22,350,,,,2021
2080,MASMA KHADI- OLPAD- SARAS ROAD,CREEK,GUJARAT,20,30,4,5.9,7,8.3,664,4019,1.4,2.9,BDL,0.4,94,540,350,1600,,,,2021
2081,AMLAKHADI CREEK AT PUNGAM.,CREEK,GUJARAT,25,32,BDL,6.1,7.1,7.8,678,2093,BDL,22,BDL,1.2,33,1600,110,1600,,,,2021
3196,"VANDKHADI AT VILLAGE UMARWADA, TA ANKLESHWAR, BHARUCH",CREEK,GUJARAT,25,34,BDL,4.6,7.2,7.9,733,7983,1.1,131,BDL,0.3,46,1600,140,1600,,,,2021
1316,"BASSEIN CREEK AT VASAIFORT AT BASSEIN , VASAI,THANE",CREEK,MAHARASHTRA,24,38,3.4,5.2,7.2,7.9,17610,55720,8,15,BDL,3.6,27,350,170,920,,,,2021
1317,"THANE CREEK AT ELEPHANTA ISLAND, ELEPHANTA, MUMBAI",CREEK,MAHARASHTRA,25,28,3.3,5.5,7.1,8,28980,63560,8,18,BDL,1.8,79,540,220,1600,,,,2021
1318,"MAHIM CREEK AT MAHIM BAY, MAHIM, MUMBAI",CREEK,MAHARASHTRA,25,29,3.5,5.7,7.3,8.2,15170,57450,10,17,BDL,2.6,34,540,240,1600,,,,2021
2165,"SEA WATER AT GATEWAY OF INDIA,COLABA,
MUMBAI",SEA,MAHARASHTRA,25,28,3.6,5.9,6.8,8,29000,63950,10,18,BDL,1.8,130,920,430,1600,,,,2021
2166,"SEA WATER AT CHARNI ROAD CHOUPATHY,
GIRGAON, MUMBAI",SEA,MAHARASHTRA,25,29,3.4,5.6,7.1,7.9,15130,62810,9.4,17,BDL,1.8,46,540,280,1600,,,,2021
2167,"SEA WATER AT WORLI SEA FACE, WORLI, MUMBAI",SEA,MAHARASHTRA,25,29,3.4,5.2,7,8,29320,63100,9.4,17,BDL,1.9,110,540,350,1600,,,,2021
2169,"SEA WATER AT VERSOVA BEACH, VERSOVA, ANDHERI, MUMBAI",BEACH,MAHARASHTRA,24,28,3.3,6.7,7.4,8.1,33310,63400,5.2,18,BDL,1.7,79,920,350,1600,,,,2021
2184,"VASHI CREEK AT AIROLI BRIDGE,AIROLI, THANE",CREEK,MAHARASHTRA,23,30,3.2,7.5,6.8,7.8,1229,48500,4.8,15,0.86,6.8,11,240,46,920,,,,2021
2185,"VASHI CREEK AT VASHI BRIDGE, VASHI,THANE",CREEK,MAHARASHTRA,25,30,3.6,7,6.9,8.1,72,52030,3,16,BDL,6.9,17,220,84,920,,,,2021
2791,"ULHAS CREEK AT RETI BUNDER, D/S OF KALYAN- BHIWANDI BRIDGE, KALYAN,KALYAN, THANE",CREEK,MAHARASHTRA,20,29,2.7,6.9,6.9,7.5,202,13070,3.4,28,BDL,5.6,13,170,46,540,,,,2021
2792,"ULHAS CREEK AT MUMBRA RETI BUNDER, VILLAGE MUMBRA, THANE",CREEK,MAHARASHTRA,25,30,3.7,7.3,7,7.5,297,32130,3.6,15,BDL,7.6,4.5,170,27,540,,,,2021
2793,"THANE CREEK AT KALWA ROAD BRIDGE, KALWA,
THANE",CREEK,MAHARASHTRA,25,30,3.6,7.2,7,7.5,288,32130,3.6,14,BDL,7.5,6.8,170,33,920,,,,2021
2794,"ULHAS CREEK AT KOLSHET RETI BUNDER, KOLSHET, THANE",CREEK,MAHARASHTRA,25,30,3.4,7.3,7.2,7.6,406,32530,3.6,15,BDL,6.1,4.5,240,49,920,,,,2021
2795,"ULHAS CREEK AT GAIMUKH AT NAGLA BUNDER ON
GHOD BUNDER ROAD, NAGLA, THANE",CREEK,MAHARASHTRA,25,30,2.5,7.3,7.2,7.7,302,37920,3.6,16,BDL,7.3,4.5,170,22,920,,,,2021
2796,"ULHAS CREEK AT VERSOVA BRIDGE, VERSOVA,
VASAI, THANE",CREEK,MAHARASHTRA,21,38,3.5,7.2,7.3,7.8,262,55360,3.6,14,BDL,4,2,280,23,920,,,,2021
2797,"BHAYANDER CREEK AT D/S OF RAILWAY BRIDGE,
JASAL PARK CHOUPATHY, NAVGHAR, BHAYANDER, THANE",CREEK,MAHARASHTRA,21,38,3.4,5.3,7.4,7.8,5682,55430,6.8,14,BDL,4.4,23,350,210,1600,,,,2021
2798,"KHAREKURAN MURBE CREEK, KHAREKURAN,
PALGHAR, THANE",CREEK,MAHARASHTRA,25,27,3.3,5.7,7.5,8.3,34030,67050,8.4,16,BDL,2.3,40,540,170,920,,,,2021
2799,"DANDI CREEK, DANDI, PALGHAR, THANE",CREEK,MAHARASHTRA,25,27,3.4,5.8,7.4,8.4,33400,65930,7.4,15,BDL,3.8,33,350,210,920,,,,2021
2800,"SARAWALI CREEK, SARAWALI, PALGHAR, THANE",CREEK,MAHARASHTRA,25,27,3.7,7,7.4,8.4,202,44210,3,13,BDL,2.8,4.5,240,17,920,,,,2021
2801,"SAVTA CREEK, SAVTA, DAHANU, THANE",CREEK,MAHARASHTRA,25,26,3.6,6.5,6.8,8.1,4892,72200,4.8,18,BDL,1.9,13,540,140,920,,,,2021
2802,"DAHANU CREEK AT DAHANU FORT, DANUGAON,
DAHANU, THANE",CREEK,MAHARASHTRA,25,26,3.3,5.8,7,8.1,9854,72080,7,15,BDL,2,22,540,94,1600,,,,2021
2803,"PANVEL CREEK AT KOPRA BRIDGE, KOPRA, PANVEL, RAIGAD",CREEK,MAHARASHTRA,27,30,4.6,7.4,6.5,7.9,72,23760,3.4,8,BDL,9.2,4.5,140,27,540,,,,2021
2804,"KARAMBAVANE CREEK AT CHIPLUN, KARAMBAVANE, RATNAGIRI",CREEK,MAHARASHTRA,25,38,5.8,7.2,6.6,7.6,82,10060,1.6,2.2,BDL,4.6,4,15,13,70,,,,2021
2805,"ARNALA SEA, ARNALA, VASAI, THANE",MARINE,MAHARASHTRA,21,38,3.4,5.1,7.5,8.4,8456,68630,7,17,BDL,2.2,23,540,280,1600,,,,2021
2806,"UTTAN SEA, UTTAN, BHAYANDER, THANE",MARINE,MAHARASHTRA,21,38,3.5,5.2,7.7,8.4,8448,68750,7,16,0.32,1.9,31,540,280,920,,,,2021
2807,"NAVAPURA SEA, NAVAPUR, PALGHAR, THANE",MARINE,MAHARASHTRA,25,27,3.4,4.8,7.4,8.4,33920,66230,10,17,BDL,2.9,23,350,220,1600,,,,2021
2808,"SEA WATER AT NARIMAN POINT, COLABA, MUMBAI",MARINE,MAHARASHTRA,25,28,3.6,5,7.1,8.1,29030,63610,9,18,BDL,1.9,130,920,430,1600,,,,2021
2809,"SEA WATER AT MALABAR HILL, WALKESHWAR, MUMBAI",MARINE,MAHARASHTRA,25,29,3.4,5.1,7.2,7.9,29310,63460,9,17,BDL,2.1,94,540,430,950,,,,2021
2810,"SEA WATER AT HAJI ALI, WORLI, MUMBAI",MARINE,MAHARASHTRA,25,29,3.2,5.2,7.2,8,14770,63110,9,17,BDL,1.9,33,540,240,1600,,,,2021
2811,"SEA WATER AT SHIVAJI PARK, DADAR
CHOUPATHY,DADAR, MUMBAI",MARINE,MAHARASHTRA,25,29,3.5,5.1,7.1,8.1,14950,57460,10,16,BDL,2.1,46,920,280,1600,,,,2021
2812,"SEA WATER AT JUHU BEACH, JUHUGAON,
SANTACRUZ, MUMBAI",BEACH,MAHARASHTRA,24,28,3.6,7.4,7.2,8.1,470,63520,4.8,40,BDL,1.8,22,540,94,1600,,,,2021
2813,"SEA WATER AT GANAPATIPULE, RATNAGIRI,
RATNAGIRI",MARINE,MAHARASHTRA,23,35,5,6.9,7.1,8.3,37650,64040,2.2,3.4,BDL,2.6,13,48,63,170,,,,2021
2814,"SEA WATER AT BHAGWATI BUNDER NEAR ULTRA TECH CEMENT JETTY, MIRKARWADA, RATNAGIRI,
RATNAGIRI",MARINE,MAHARASHTRA,23,35,1,7,7.2,8.3,38020,63840,2.2,12.5,BDL,2.5,14,350,84,920,,,,2021
2815,"MADVI SEA WATER NEAR JODHALE MARUTI TEMPLE,
MADVIGAON, RATNAGIRI, RATNAGIRI",MARINE,MAHARASHTRA,23,35,5.5,7.1,6.9,8.3,1481,61550,2,3.8,BDL,2.9,13,39,70,240,,,,2021
2439,PURI,CREEK,ODISHA,24,31,5.3,7.7,7.7,8.4,41560,48060,BDL,1.6,0.3,3.6,BDL,45,BDL,230,,,,2021
2440,PARADEEP,CREEK,ODISHA,23.7,33,6.2,7.4,6.9,8.2,38080,44990,BDL,1.9,0.3,2.5,BDL,790,BDL,1700,,,,2021
2441,GOPALPUR,CREEK,ODISHA,13,30,6,8.8,7.4,8.4,39210,48060,1.2,2.2,0.3,1.8,BDL,45,BDL,130,,,,2021
3961,ATHARABANKI CREEK,CREEK,ODISHA,23,33,3,6.4,6.5,8,175,21650,1.7,4.8,0.3,11.9,BDL,2200,BDL,3500,,,,2021
4975,JATADHARI MUHANA (NORTH),MARINE,ODISHA,28.3,28.3,5.6,6.6,8.1,8.5,-,-,BDL,BDL,-,-,2,4.5,-,-,,,,2021
4976,JATADHARI MUHANA,MARINE,ODISHA,24,24,5.8,5.8,8,8,-,-,BDL,BDL,-,-,4.5,4.5,-,-,,,,2021
4977,JATADHARI MUHANA (SOUTH - 1),MARINE,ODISHA,24.1,24.1,6.2,6.2,7.9,7.9,-,-,BDL,BDL,-,-,BDL,BDL,-,-,,,,2021
4978,JATADHARI MUHANA (SOUTH - 2),MARINE,ODISHA,23,23,4.7,4.7,8,8,-,-,BDL,BDL,-,-,BDL,BDL,-,-,,,,2021
4979,JATADHARI MUHANA CS - 3 (2.5 KM FROM SHORE),MARINE,ODISHA,24,24,5.7,5.7,8,8,-,-,BDL,BDL,-,-,4.5,4.5,-,-,,,,2021
4980,JATADHARI MUHANA CS - 4 (SOUTH 5 KM FROM SHORE),MARINE,ODISHA,24,24,5.5,5.5,8,8,-,-,BDL,BDL,-,-,BDL,BDL,-,-,,,,2021
4981,JATADHARI MUHANA CS - 5 (NORTH 5 KM SHORE),MARINE,ODISHA,24,24,6.8,6.8,8.2,8.2,-,-,BDL,BDL,-,-,BDL,BDL,-,-,,,,2021
4982,PARADEEP PORT NORTH,MARINE,ODISHA,23,23,4,4,8.2,8.2,-,-,BDL,BDL,-,-,2,2,-,-,,,,2021
4983,PARADEEP PORT,MARINE,ODISHA,22.8,22.8,5.5,5.5,8.1,8.1,-,-,BDL,BDL,-,-,BDL,BDL,-,-,,,,2021
4984,PARADEEP PORT SOUTH,MARINE,ODISHA,23,23,8,8,8,8,-,-,BDL,BDL,-,-,BDL,BDL,-,-,,,,2021
4985,PARADEEP PORT NORTH (2.5 KM FROM SHORE),MARINE,ODISHA,23,23,4.6,4.6,8.4,8.4,-,-,BDL,BDL,-,-,BDL,BDL,-,-,,,,2021
4986,"PARADEEP PORT SOUTH (5 KM FROM PORT
ENTRANCE)",MARINE,ODISHA,23.8,23.8,6.5,6.5,7.9,7.9,-,-,BDL,BDL,-,-,6.8,6.8,-,-,,,,2021
4987,MAHANADI MUHANA C - 1,MARINE,ODISHA,23.6,23.6,4.9,4.9,7.8,7.8,-,-,BDL,BDL,-,-,6.8,6.8,-,-,,,,2021
4988,MAHANADI MUHANA NORTH,MARINE,ODISHA,24,24,5,5,8.3,8.3,-,-,BDL,BDL,-,-,49,49,-,-,,,,2021
4989,"MAHANADI MUHANA UP NORTH (2.5 KM FROM
SHORE)",MARINE,ODISHA,23.5,23.5,6.1,6.1,8.4,8.4,-,-,BDL,BDL,-,-,7.8,7.8,-,-,,,,2021
4995,HANSUA RIVER MOUTH,MARINE,ODISHA,28.8,28.8,7,7,7.7,7.7,-,-,BDL,BDL,-,-,170,170,-,-,,,,2021
4996,HANSUA RIVER MOUTH (NORTH),MARINE,ODISHA,28.1,28.1,6.6,6.6,7.8,7.8,-,-,BDL,BDL,-,-,4.5,4.5,-,-,,,,2021
4997,GAHIRMATH 2,MARINE,ODISHA,28.4,28.4,6.7,6.7,8,8,-,-,BDL,BDL,-,-,4.5,4.5,-,-,,,,2021
4998,"GAHIRMATHA, SATABHAYA",MARINE,ODISHA,28.4,28.4,6.2,6.2,7.9,7.9,-,-,BDL,BDL,-,-,17,17,-,-,,,,2021
4999,GAHIRMATHA 3,MARINE,ODISHA,27.8,27.8,6.1,6.1,7.8,7.8,-,-,BDL,BDL,-,-,280,280,-,-,,,,2021
5000,HABADHIKUTA 2,MARINE,ODISHA,28.4,28.4,6.2,6.2,7.8,7.8,-,-,BDL,BDL,-,-,220,220,-,-,,,,2021
5001,EKAKULA FOREST RH - 1,MARINE,ODISHA,28.5,28.5,6.1,6.1,7.8,7.8,-,-,BDL,BDL,-,-,11,11,-,-,,,,2021
5002,JAMBU 2,MARINE,ODISHA,28.6,28.6,6.2,6.2,7.8,7.8,-,-,1.5,1.5,-,-,2,2,-,-,,,,2021
5003,HANSUA MOUTH NORTH 2,MARINE,ODISHA,28.4,28.4,7,7,7.9,7.9,-,-,BDL,BDL,-,-,220,220,-,-,,,,2021
5004,HANSUA MOUTH NORTH 3,MARINE,ODISHA,28.5,28.5,6.2,6.2,8,8,-,-,BDL,BDL,-,-,4.5,4.5,-,-,,,,2021
5005,"GAHIRMATHA, SATABHAYA SOUTH",MARINE,ODISHA,28.5,28.5,6.8,6.8,8,8,-,-,BDL,BDL,-,-,4.5,4.5,-,-,,,,2021
5006,GAHIRMATHA 4,MARINE,ODISHA,27.7,27.7,6.4,6.4,7.8,7.8,-,-,BDL,BDL,-,-,4.5,4.5,-,-,,,,2021
5007,HABADHIKUTA 3,MARINE,ODISHA,28.4,28.4,6.5,6.5,7.8,7.8,-,-,1.2,1.2,-,-,2,2,-,-,,,,2021
5008,EKAKULA FOREST RH - 2,MARINE,ODISHA,28.2,28.2,6.7,6.7,7.8,7.8,-,-,BDL,BDL,-,-,4.5,4.5,-,-,,,,2021
5009,DHAMRA MUHANA C - 1,MARINE,ODISHA,27,30.3,5.7,6,7.7,7.8,-,-,BDL,BDL,-,-,BDL,2,-,-,,,,2021
5010,DHAMRA MUHANA C - 2,MARINE,ODISHA,27.3,30.3,BDL,7.5,7.2,8,-,-,1.1,1.1,-,-,BDL,BDL,-,-,,,,2021
5011,DHAMRA MUHANA C - NORTH,MARINE,ODISHA,27.2,30.1,5.7,7.9,7.9,8.1,-,-,BDL,BDL,-,-,BDL,BDL,-,-,,,,2021
5012,KANAKPRASAD - 1,MARINE,ODISHA,27.5,30,6.7,7,7.9,8.8,-,-,BDL,BDL,-,-,BDL,14,-,-,,,,2021
5013,KANAKPRASAD - 2,MARINE,ODISHA,27,29.8,5.4,5.9,7.9,8.2,-,-,BDL,BDL,-,-,BDL,13,-,-,,,,2021
5014,DHAMRA PORT 2,MARINE,ODISHA,27.6,30.1,6.1,6.2,7.7,8,-,-,BDL,BDL,-,-,BDL,2,-,-,,,,2021
5064,ENNORE CREEK,CREEK,TAMIL NADU,28,30,5,6.5,7,8.2,-,-,11,11,-,-,BDL,2400,-,-,,,,2021
5065,TIRUVOTTIYUR,SEA WATER,TAMIL NADU,28,29,4.9,6.2,7.5,8.4,-,-,3,5,-,-,BDL,2400,-,-,,,,2021
5066,CHENNAI PORT TRUST,SEA WATER,TAMIL NADU,26,30,BDL,6.6,6.8,8.2,-,-,2,15,-,-,BDL,BDL,-,-,,,,2021
5067,SANTHOME BEACH,SEA WATER,TAMIL NADU,25,30,4.5,6.6,7.1,8.3,-,-,2,2,-,-,BDL,45,-,-,,,,2021
5068,INJAMBAKKAM,SEA WATER,TAMIL NADU,-,-,5,6.6,7.5,8.7,-,-,-,-,-,-,BDL,78,-,-,,,,2021
5069,MAMALLAPURAM,SEA WATER,TAMIL NADU,-,-,4.8,6.5,7.6,8.3,-,-,-,-,-,-,BDL,170,45,45,,,,2021
5070,KALPAKKAM,SEA WATER,TAMIL NADU,-,-,5,7,7.9,8.4,-,-,-,-,-,-,BDL,140,110,110,,,,2021
5071,ALAMPARAIKUPPAM,SEA WATER,TAMIL NADU,-,-,5,6.5,7.6,8.3,-,-,-,-,-,-,BDL,BDL,-,-,,,,2021
5072,THALNGADU,SEA WATER,TAMIL NADU,28,28,5.7,6,7.3,8.5,-,-,-,-,-,-,-,-,-,-,,,,2021
5073,KOTTAKUPPAM,SEA WATER,TAMIL NADU,27,28,5.6,6,7.9,8.5,-,-,-,-,-,-,-,-,-,-,,,,2021
5074,CUDDALORE,SEA WATER,TAMIL NADU,24,30,5.7,6,8.3,9,-,-,-,-,-,-,BDL,11,-,-,,,,2021
5075,PICHAVARAM,SEA WATER,TAMIL NADU,23,26,5.7,6,8.2,8.2,-,-,-,-,-,-,BDL,12,-,-,,,,2021
5076,KOLLIDAM,SEA WATER,TAMIL NADU,27,28,5.6,6,7.7,8.5,-,-,3,3,-,-,BDL,BDL,-,-,,,,2021
5077,THARANGAMBADI BEACH,BEACH,TAMIL NADU,30,30,5.6,6,8.4,8.5,-,-,2,2,-,-,-,-,-,-,,,,2021
5078,NAGAPATTINAM,SEA WATER,TAMIL NADU,22,29,5.6,6,8.3,8.5,-,-,10,22,-,-,BDL,14,-,-,,,,2021
5079,VELLANKANNI,BEACH,TAMIL NADU,26,30,5.8,6,6.6,8.5,-,-,3,18,-,-,6,8.3,-,-,,,,2021
5080,MUTHUPETTAI,SEA WATER,TAMIL NADU,26,30,5.6,6,8.3,8.5,-,-,10,22,-,-,BDL,6.8,-,-,,,,2021
5081,LAGOON NEARBY THE COAST LINE,SEA WATER,TAMIL NADU,-,-,5.8,5.9,8.5,8.5,-,-,20,22,-,-,9.3,31,-,-,,,,2021
5082,ADIRAMAPATTINAM,SEA WATER,TAMIL NADU,-,-,4.8,7.5,6.9,7.5,-,-,3,11,-,-,6.1,11,12,24,,,,2021
5083,KEZHATHOTTAM,SEA WATER,TAMIL NADU,27,27,4.7,7.7,6.4,7.5,-,-,3,8,-,-,3.6,72,9.2,17,,,,2021
5084,MALLIPATANAM,SEA WATER,TAMIL NADU,28,28,4.5,7.5,6.3,7.6,-,-,3,9,-,-,BDL,11,14,21,,,,2021
5085,KOTTAIPATTINAM,SEA WATER,TAMIL NADU,27,29,4.9,7.9,7.1,7.6,-,-,2,12,-,-,BDL,6.8,13,14,,,,2021
5086,RMESWARAM,SEA WATER,TAMIL NADU,-,-,2.3,6.5,6.4,7.7,-,-,2,2,-,-,26,41,-,-,,,,2021
5087,ERWADI,SEA WATER,TAMIL NADU,-,-,5.1,6.5,6.7,7.7,-,-,2,2,-,-,26,48,-,-,,,,2021
5088,TUTICORIN,SEA WATER,TAMIL NADU,-,-,5,7.4,7.3,8.1,-,-,3,13.5,-,-,94,220,-,-,,,,2021
5089,THIRUCHENDUR,SEA WATER,TAMIL NADU,-,-,6.4,8.2,7.6,8.3,-,-,2,13,-,-,17,64,-,-,,,,2021
5090,PUNNAKAYAL,SEA WATER,TAMIL NADU,-,-,5.3,7.3,7.5,8.2,-,-,2,13.2,-,-,17,140,-,-,,,,2021
5091,VEMBAR,SEA WATER,TAMIL NADU,-,-,5,7.7,6.8,8,-,-,2.3,9.2,-,-,31,110,-,-,,,,2021
5092,UVARI,SEA WATER,TAMIL NADU,-,-,5.1,7.4,7.1,7.9,-,-,2.2,9.9,-,-,25,72,-,-,,,,2021
5093,KOODANKULAM,SEA WATER,TAMIL NADU,-,-,5.2,7.8,7.2,8.1,-,-,3,3,-,-,BDL,112,-,-,,,,2021
5094,KANYAKUMARI,SEA WATER,TAMIL NADU,-,-,5,7.7,7.5,8.2,-,-,2,8,-,-,2.2,63,-,-,,,,2021
5095,KEEZHAMANAKUDY,SEA WATER,TAMIL NADU,-,-,5.1,7.5,7.5,8.5,-,-,2,8.9,-,-,17,84,-,-,,,,2021
5096,COLACHEL,SEA WATER,TAMIL NADU,-,-,5,7.6,6.6,8.3,-,-,3,8.3,-,-,48,224,-,-,,,,2021
5097,THANGAPATTINAM,SEA WATER,TAMIL NADU,-,-,5,7.4,7.1,8.3,-,-,2,9,-,-,58,94,-,-,,,,2021
5028,"DIGHA, PURBA MEDINIPUR",MARINE,WEST BENGAL,27,31,6.3,7.3,7.6,7.8,13750,27540,1.3,2.6,0.32,0.39,3000,4600,7000,14690,,,,2021
4349,"SEA WATER , BAY OF BENGAL, AFTER CONFLUENCE OF MARINE OUTFALL OF M/S. AUROBINDO PHARMA LTD.
PYDIBHEEMAVARAM (V) RANASTHALAM (M)",MARINE,ANDHRA PRADESH,23,29,5,7.6,7,8.3,30900,51560,1.2,2.5,BDL,1.14,3,9,64,120,,,,2020
4352,"SEA WAER BAY OF BENGAL, AFTER CONFLUENCE OF
MARINE OUTFALL OF M/S MATRIX LABORATORIES LTD
THAMMAYYAPALEM (V) PUSAPATIREGA (M)",MARINE,ANDHRA PRADESH,24,27,4.4,8.5,7.7,8.6,33100,52700,BDL,3.2,BDL,7.05,4,7,63,93,,,,2020
4357,RUSHIKONDA BEACH,BEACH,ANDHRA PRADESH,24,27,4.8,7.2,7.6,8.3,32400,57300,1.2,3,0.32,6.2,4,9,64,93,,,,2020
4361,"SEA WATER BAY BENGAL, UPPADA BEACH ROAD, KAKINADA",BEACH,ANDHRA PRADESH,26,28,1.4,6.8,6.9,8.4,732,58700,1.2,6.5,BDL,2.66,3,11,64,150,,,,2020
4362,"SEA WATER, BAY OF BENGAL NEAR DEEP WATER PORT, KAKINADA (1KM AWAY FROM JETTY)",SEA,ANDHRA PRADESH,26,28,2,7.5,6.8,7.9,940,52420,1.4,4.8,0.7,4.66,4,15,64,240,,,,2020
4363,"SEA WATER BAY OF BENGAL NEAR KUMBHABHISHEKAM TEMPALE, KAKINADA",SEA,ANDHRA PRADESH,26,28,0.8,5.6,6.6,7.9,593,46800,1.6,6.4,0.97,6.24,4,15,75,210,,,,2020
4371,"SEA WATER, BAY OF BENGAL AFTER CONFLUENCE OF RIVER VASHISTA GODAVARI AT
CHINNAMAINAVANILANKA (V), NARSAPUR (M)",MARINE,ANDHRA PRADESH,22,28,5,8.2,7.3,8.2,4760,55700,1.1,2.8,0.34,1.18,4,7,64,93,,,,2020
4378,"SEA WATER, BAY OF BENGAL, MANGINAPUDI BEACH, MACHILIPATNAM",BEACH,ANDHRA PRADESH,25,27,3.9,5.2,7.2,8,16850,54590,2.2,2.8,0.56,1.24,3,3,64,150,,,,2020
4383,"SEA WATER BAY OF BENGAL, FISHING HARBOUR, NIZAMPATNAM",MARINE,ANDHRA PRADESH,21,26,3.8,4.9,7.4,7.8,21800,52830,2.2,2.8,0.63,1.2,3,3,64,150,,,,2020
4385,"SEA WATER, BAY OF BENGAL, KOTHAPATNAM BEACH",BEACH,ANDHRA PRADESH,25,31,3.2,4.8,7.4,8.3,32800,57490,2.2,2.8,0.45,1.24,3,3,75,240,,,,2020
4386,"SEA WATER, BAY OF BENGAL, VADAREVU BEACH, CHIRALA",BEACH,ANDHRA PRADESH,22,31,3.6,5.1,7.4,8.2,33460,58140,2,2.8,0.53,1.28,3,3,64,240,,,,2020
4387,"SEA WATER, BAY OF BENGAL, KRISHNAPATNAM PORT",MARINE,ANDHRA PRADESH,21,25,3.8,5.1,7.3,8,20100,57690,2,2.8,0.59,1.2,3,3,64,210,,,,2020
2267,"CREEK AT DANDO MOLLO, VELSAO, MAMUGAO",CREEK,GOA,26,32,4.5,8.2,6.8,8.5,190,65900,BDL,2.9,BDL,18.408,130,7000,220,9400,,,,2020
4013,TIRACOL BEACH,BEACH,GOA,26,32,5.6,7.6,7.2,8,15190,62070,BDL,2.1,BDL,0.495,8,220,13,920,,,,2020
4014,MIRAMAR BEACH,BEACH,GOA,26,31,6,7.6,6.8,8,4323,64350,BDL,2,BDL,0.345,23,130,49,350,,,,2020
4015,CALANGUTE BEACH,BEACH,GOA,26,30,5.4,7.1,7.3,8,34870,63950,BDL,2.2,BDL,1.349,13,540,33,920,,,,2020
4016,MORJIM BEACH,BEACH,GOA,26,32,6.1,7.5,7.2,8,14840,64650,BDL,2.2,BDL,0.336,13,130,33,540,,,,2020
4017,MOBOR BEACH,BEACH,GOA,28,31,4.7,7.1,7.5,7.9,42200,65300,BDL,2.4,BDL,0.71,11,1300,17,2300,,,,2020
4018,BAINA BEACH,BEACH,GOA,26,32,4.3,7,7.4,8,37530,63650,BDL,2.5,BDL,0.555,49,240,70,540,,,,2020
4019,GALGIBAG BEACH,BEACH,GOA,28,31,4.8,7.6,7,7.9,5490,62020,BDL,2.8,BDL,0.676,13,170,23,350,,,,2020
4020,COLVA BEACH,BEACH,GOA,28,33,6.2,7.2,7,8.1,34350,64670,BDL,2.2,BDL,0.605,23,240,33,350,,,,2020
4021,VAGATOR BEACH,BEACH,GOA,26,30,4.6,7.1,6.7,7.9,25590,63850,BDL,2.1,BDL,1.509,13,220,23,540,,,,2020
4022,VELSAO BEACH,BEACH,GOA,26,32,5,7.1,7.5,8,28350,64720,BDL,3.5,BDL,1.323,13,240,17,540,,,,2020
2080,MASMA KHADI- OLPAD- SARAS ROAD,CREEK,GUJARAT,26,30,0.8,7,7.2,14,1137,2798,BDL,2.2,BDL,0.7,6,350,2,1600,,,,2020
2081,AMLAKHADI CREEK AT PUNGAM.,CREEK,GUJARAT,28,32,BDL,5,7.3,8.2,940,2020,1.9,16,BDL,0.62,70,110,170,280,,,,2020
3196,"VANDKHADI AT VILLAGE UMARWADA, TA
ANKLESHWAR, BHARUCH",CREEK,GUJARAT,29,33,BDL,6.2,7.3,8.2,806,3980,1.2,40,BDL,2.5,33,130,140,280,,,,2020
2439,PURI,CREEK,ODISHA,21,33,5.9,8.3,6.8,8.5,32970,48730,BDL,2.6,BDL,2.039,20,170,78,270,,,,2020
2440,PARADEEP,CREEK,ODISHA,22,31,4.2,7.8,6.8,8.2,31550,66620,BDL,2.2,BDL,1.284,18,490,18,790,,,,2020
2441,GOPALPUR,CREEK,ODISHA,12,31,6.3,12.5,7.8,8.3,30250,59050,BDL,1.9,BDL,1.4,18,78,20,130,,,,2020
3961,ATHARABANKI CREEK,CREEK,ODISHA,21,32,2.2,6.4,6.6,8.2,2156,12710,BDL,6.2,BDL,4.27,170,7900,220,24000,,,,2020
,,,,,,,,,,,,,,,,,,,,,,,2022
,,,,,,,,,,,,,,,,,,,,,,,2022
,,,,,,,,,,,,,,,,,,,,,,,2022
,,,,,,,,,,,,,,,,,,,,,,,2022
,,,,,,,,,,,,,,,,,,,,,,,2022
